id,accrued_interest,number_of_shares,balance,capital_gain,cost,currency,entity,expiration_date,initial_date,interest.rate,is_nominal,isin,market,name,portfolio_id,type,valuation_date,rate_to_euro
0902ed6b03bb286b16b15f840115b19fbe32d43a6452fb007648dcf33185a9b5,-0.0021,100.0,99790.0,-210.0,100000.0,EUR,rothschildmartinmaurel,,,,False,XS2471187562,,BBVA PH SX5E 4279 MAR23-28 NC1YS,3e8a5c72cd6cb54db05bd33f945448b5db38f9adededbe157d48fb51fe84f539,FI,2023-09-20,1.0
af52208035379886e6a833365d2b4cdaa08f515b0dd5bdd8ea261a08a0a2bc4e,0.2048,37.0,45069.7,7662.4,37407296,EUR,rothschildmartinmaurel,,,,False,XS2387239069,,BNP CERT ACTIONS PRICING POWER,3e8a5c72cd6cb54db05bd33f945448b5db38f9adededbe157d48fb51fe84f539,FI,2023-09-19,1.0
2a59889cfd792f64ebc25e4b72db951b1538b423d173593dd41fac35abd00104,0.0849,0.0,0.0,5943.0,0.0,EUR,rothschildmartinmaurel,,,,False,XS2345450436,,BARC AC SPX 4411 FEB22-24 NC6M Q,3e8a5c72cd6cb54db05bd33f945448b5db38f9adededbe157d48fb51fe84f539,FI,,1.0
11073991eef358936bc3164130763b302eb995879741e3eeef5aa5fd352bc67a,0.1441,0.0,0.0,4323.0,0.0,EUR,rothschildmartinmaurel,,,,False,XS2234002058,,BNP CERT ACTIONS SEMI-CONDUCTEUR,3e8a5c72cd6cb54db05bd33f945448b5db38f9adededbe157d48fb51fe84f539,FI,,1.0
abecce0435a334d30b7ff2eed322c5ab20d02982033fa9e0d4f1fdb206f32b70,-0.0283999999999999,45.0,86985.0,-3015.0,90000.0,USD,rothschildmartinmaurel,,,,False,XS2053762329,,CA FLOATER US INFLATION 5Y USD,3e8a5c72cd6cb54db05bd33f945448b5db38f9adededbe157d48fb51fe84f539,FI,2023-09-20,0.94
4ad708c985d191fb2ee62675e2db5606f404b3697a164f472aa68860d6c3d476,-0.0654,0.0,0.0,-4578.0,0.0,EUR,rothschildmartinmaurel,,,,False,XS2049214310,,BNP AC PHEX MEM TOTAL 8Y NC1Y S,3e8a5c72cd6cb54db05bd33f945448b5db38f9adededbe157d48fb51fe84f539,FI,,1.0
077aa44fa437dbb11be226a25f85fc869bac3c07208a65548f88d17e67f0c70f,17,0.0,0.0,1190.0,0.0,EUR,rothschildmartinmaurel,,,,False,XS2021330704,,JPM AC PHEX MEM BANQUES 6Y NC1Y,3e8a5c72cd6cb54db05bd33f945448b5db38f9adededbe157d48fb51fe84f539,FI,,1.0
977fb84d2e254a8ca1ecb9344e52e9b41577129113b6ddd79a29f74b953ad041,0.4939,0.0,0.0,34573.0,0.0,EUR,rothschildmartinmaurel,,,,False,XS2012914029,,BNP REVERSE TRIG LVMH 3Y -20,3e8a5c72cd6cb54db05bd33f945448b5db38f9adededbe157d48fb51fe84f539,FI,,1.0
1149f5349dcaa4455a7de23abadd5f5d596817d5339c735d4a68e7d0a8a22d74,0.1732999999999999,0.0,0.0,2295.039999999997,0.0,USD,rothschildmartinmaurel,,,,False,US92826C8394,,VISA CL.A,3e8a5c72cd6cb54db05bd33f945448b5db38f9adededbe157d48fb51fe84f539,VI,,0.94
2edbb2cbdf45c1f23a0a59692f652860cb47890407cb16f0d4c7fd6bff5ae59b,611,58.0,29559.12,10018.049999999996,19541.07,USD,rothschildmartinmaurel,,,,False,US8835561023,,THERMO FISHER SCIENTIFIC,3e8a5c72cd6cb54db05bd33f945448b5db38f9adededbe157d48fb51fe84f539,VI,2023-09-19,0.94
47520caf8ac26a47a5a76e8ab038b22044341e57d5abb7d0684e972a8128a3ca,0.3732999999999999,0.0,0.0,6541.9187005825925,0.0,USD,rothschildmartinmaurel,,,,False,US88032Q1094,,TENCENT HOLDINGS UNSP ADR 1 SH,3e8a5c72cd6cb54db05bd33f945448b5db38f9adededbe157d48fb51fe84f539,VI,,0.94
2542350f2122bcc72711131157a6e65b22d00fe3a349cb2a08be4a265e1c9de4,0.2414,103.0,33599.63,7944.183999999998,25655446,USD,rothschildmartinmaurel,,,,False,US5949181045,,MICROSOFT,3e8a5c72cd6cb54db05bd33f945448b5db38f9adededbe157d48fb51fe84f539,VI,2023-09-19,0.94
c303c611a9095d52305db759c9b277a86117c1591f276b95c55cb4f6763d404d,0.2303,1128.0,38081.28,-1520.543999999999,39601.82399999999,USD,rothschildmartinmaurel,,,,False,US37045V1008,,GENERAL MOTORS CO.,c31047b4b803299077791bd21fded659189fa5b9520a6bf1150e57ad13251aa9,VI,2023-09-20,0.94
d46ff1888ed4dee29152c2030f0cea0801e9ab6d8c47eb3063da019454966c58,1.3877000000000002,214.0,54214.76,24963742,29251.018000000004,USD,rothschildmartinmaurel,,,,False,US31428X1063,,FEDEX CORP,c31047b4b803299077791bd21fded659189fa5b9520a6bf1150e57ad13251aa9,VI,2023-09-20,0.94
f72a77e43ed09d42933eacc0332e8f59dfc6701293385e9fc5cd4a3c7b721cba,-0.4512,120.0,9915.6,-9164.4,19080.0,USD,rothschildmartinmaurel,,,,False,US2546871060,,DISNEY WALT CO.,3e8a5c72cd6cb54db05bd33f945448b5db38f9adededbe157d48fb51fe84f539,VI,2023-09-20,0.94
18e9c78df3d25fd594c7daeee6f870090b47ae5fee047a50b2eff98f57aea478,0.5995,200.0,27482.0,9722.799999999996,17759.2,USD,rothschildmartinmaurel,,,,False,US0231351067,,AMAZON.COM,3e8a5c72cd6cb54db05bd33f945448b5db38f9adededbe157d48fb51fe84f539,VI,2023-09-20,0.94
a7263edbb765f98d9edb7aca87bce962ecaa89c3b22b5d5f6cf9f834bf500e57,1.0862,234.0,32041.620000000003,16123.77,15917.850000000002,USD,rothschildmartinmaurel,,,,False,US02079K1079,,ALPHABET CL.C,3e8a5c72cd6cb54db05bd33f945448b5db38f9adededbe157d48fb51fe84f539,VI,2023-09-20,0.94
02d9d08463b85d6d2b01ac1ec042cf328fbc48f6768757d52955e3b518cd7904,5.1080000000000005,1580.0,216349.4,173553.52000000002,42795.88,USD,rothschildmartinmaurel,,,,False,US02079K1079,,ALPHABET CL.C,c31047b4b803299077791bd21fded659189fa5b9520a6bf1150e57ad13251aa9,VI,2023-09-20,0.94
c6e5ad199f05f1ab097b306796c1e12cb7a8441767d1926881f211a857aabc76,-0.3987,0.0,0.0,-12944.135491976063,0.0,USD,rothschildmartinmaurel,,,,False,US01609W1027,,ALIBABA GROUP SPON.ADR,3e8a5c72cd6cb54db05bd33f945448b5db38f9adededbe157d48fb51fe84f539,VI,,0.94
24eb6321154fba470942b73af8c4b8f7b89b25117e6fcf42354305d6bb70e321,4.7105,1250.0,162050.0,133672.87,28377.500000000004,EUR,rothschildmartinmaurel,,,,False,NL0000235190,,AIRBUS SE,c31047b4b803299077791bd21fded659189fa5b9520a6bf1150e57ad13251aa9,VI,2023-09-19,1.0
549bf6f94d5fc23eb0cd64af54640663d372be1b4a5fd8cf33dfa5e1e81af4a8,-0.1023,0.0,0.0,-1886.9,0.0,EUR,rothschildmartinmaurel,,,,False,NL0000009538,,KONINKLIJKE PHILIPS,c31047b4b803299077791bd21fded659189fa5b9520a6bf1150e57ad13251aa9,VI,,1.0
5f95820da4ca8b3db1c040fc96df7de1b5593a4ff907af2fafb736930c236d8b,0.3317,183.39,30110.8041,6748.38522,23362.41888,USD,rothschildmartinmaurel,,,,False,LU1884795532,,EDGWOOD LS US SEL GRTH A USD B C,3e8a5c72cd6cb54db05bd33f945448b5db38f9adededbe157d48fb51fe84f539,F,2023-09-19,0.94
2dbcc9e33acb51666016320ba1896d3667841f79164dc8cb63aa1339c86e4515,0.2353,0.0,0.0,9510.92,0.0,EUR,rothschildmartinmaurel,,,,False,LU1734559765,,RMM LUX BDL EUROP EQ ALPHA C EUR,3e8a5c72cd6cb54db05bd33f945448b5db38f9adededbe157d48fb51fe84f539,F,,1.0
3cb37ed8dbcbc3fad4d3561c0c66483ea7017489cbd923aa0cb2db04ba908d7a,0.1176,0.0,0.0,2433.89,0.0,EUR,rothschildmartinmaurel,,,,False,LU1681049109,,AM SP500 UC ETF DAIL HED EUR C,3e8a5c72cd6cb54db05bd33f945448b5db38f9adededbe157d48fb51fe84f539,F,,1.0
9b15b20616185c5dcebb4f3e4cab4d7d261019d2691fa145b90ac076d1e6bfd4,-0.0711,0.0,0.0,3139.854000000001,0.0,USD,rothschildmartinmaurel,,,,False,LU1681040652,,AM IS US TREAS 7-10 UCITS ETF DR,3e8a5c72cd6cb54db05bd33f945448b5db38f9adededbe157d48fb51fe84f539,F,,0.94
7cd0368f9ad6bfa9b8e0095c8f12b2c350a4e0d666cd3bd5e88a667bac08a4bd,0.1871999999999999,351.93,53173.1,8385.87,44787.31566,EUR,rothschildmartinmaurel,,,,False,LU1616922123,,ELEVA EU SEL RC EUR C.2 DEC,3e8a5c72cd6cb54db05bd33f945448b5db38f9adededbe157d48fb51fe84f539,F,2023-09-19,1.0
9da02c3f574e30a8daaa09460f2a87ef29c5a0fbeee618fb7e4538090dc8b885,-0.0892999999999999,327.0,80337.36,-270.756000000001,80608.11600000001,USD,rothschildmartinmaurel,,,,False,LU1407887915,,AM US TREAS BD 7-10Y C-USD ETF,3e8a5c72cd6cb54db05bd33f945448b5db38f9adededbe157d48fb51fe84f539,F,2023-09-19,0.94
76dbd303dfa6be6f5f41e1ba6f4fb48837725946f1e06158cef0c21458a5b7ac,0.6945999999999999,468.69,100080.02,41025.01,59054.47131,EUR,rothschildmartinmaurel,,,,False,LU1279334723,,PICTET ROBOTICS HI EUR CAP5DEC,c31047b4b803299077791bd21fded659189fa5b9520a6bf1150e57ad13251aa9,F,2023-09-19,1.0
586a6971716a250a8a0193b689c8514d07b53c516a9af4316b8dcb3bce8f6781,0.5553,0.0,0.0,16702.68,0.0,EUR,rothschildmartinmaurel,,,,False,LU0846948197,,NINETY OGS FRANCHISE CL A CAP,c31047b4b803299077791bd21fded659189fa5b9520a6bf1150e57ad13251aa9,F,,1.0
41138cb087e52258e94a5e35f105555eeac1057a29d8ad96d06b5fa008ab2a18,772,1019.0,169408.75,73807.16,95601561,EUR,rothschildmartinmaurel,,,,False,LU0566497433,,UBS EUROPEAN HIGH DIV.EUR P C.3D,c31047b4b803299077791bd21fded659189fa5b9520a6bf1150e57ad13251aa9,F,2023-09-19,1.0
5cd6a00e205b7fa598d44397669c52a2f9ac06e7798cd18618f1410f2beb15b8,-0.2603,0.0,0.0,-10982.2,0.0,EUR,rothschildmartinmaurel,,,,False,LU0514695690,,XTRACKERS MSCI CHINA 1C,3e8a5c72cd6cb54db05bd33f945448b5db38f9adededbe157d48fb51fe84f539,VI,,1.0
d33c0e4f1db10ad18b67b20fb45f53b79092b52c337a0e6b0a6a98bb5549fcac,0.3618,0.0,0.0,4789.62,0.0,EUR,rothschildmartinmaurel,,,,False,LU0246035637,,SISF EUR.SPEC.SITUAT.A.ACC 2DEC,c31047b4b803299077791bd21fded659189fa5b9520a6bf1150e57ad13251aa9,F,,1.0
09c4d482aefcd8a0daf6de7c1cc0f38872b6584d029d3e40c3b24c89ae72666f,-0.1011,0.0,0.0,-4401.884779999999,0.0,USD,rothschildmartinmaurel,,,,False,LU0225741247,,MSIF US ADVANTAGE FD I USD CAP,3e8a5c72cd6cb54db05bd33f945448b5db38f9adededbe157d48fb51fe84f539,F,,0.94
87de9af1ef8d3a00ac9a3b6827d6d6ce057f3dfdd4f960b061b0cded0b268098,0.3074,471.46,80095.66,18834.66,61261.5124,EUR,rothschildmartinmaurel,,,,False,LU0217402501,,BLUEBAY INVESTMENT GRADE BD FD,c31047b4b803299077791bd21fded659189fa5b9520a6bf1150e57ad13251aa9,F,2023-09-19,1.0
2217eb963c40c55debca6e9cdfcca9f4565c8215ab338dc9cf2b92bf026aa39f,0.4334,7213.0,236442.14,71495.97,164946884,EUR,rothschildmartinmaurel,,,,False,LU0133266659,,GS GL.HIGH YIELD PF EUR E C.3D,c31047b4b803299077791bd21fded659189fa5b9520a6bf1150e57ad13251aa9,F,2023-09-19,1.0
2008529c28d172ea1fcb437e9cd46d82d783b30c2412a61223dcc5de5c8d8302,-0.1941,452.21,20326.8395,-4603.4978,24930.3373,USD,rothschildmartinmaurel,,,,False,LU0129472758,,JPMORGAN CHINA FD C USD CAP,3e8a5c72cd6cb54db05bd33f945448b5db38f9adededbe157d48fb51fe84f539,F,2023-09-19,0.94
621af99035b91fd78eb75c00a314127d6149f68fe79d29572e26bef80823c196,0.0345,0.0,0.0,-373.6000000000104,0.0,HKD,rothschildmartinmaurel,,,,False,KYG875721634,,TENCENT,3e8a5c72cd6cb54db05bd33f945448b5db38f9adededbe157d48fb51fe84f539,VI,,0.12
1d8cfead5e60209b26af0b7e70c9ad833f8fd87d825fd67a3a8e87641c16a821,-298,0.0,0.0,-2188.08,0.0,HKD,rothschildmartinmaurel,,,,False,KYG596691041,,MEITUAN DIANPING,3e8a5c72cd6cb54db05bd33f945448b5db38f9adededbe157d48fb51fe84f539,VI,,0.12
1029f9286ed2076d2ac1dc82857e647b82c91e6f94692ecaa25c6be5e65c8226,-0.5549000000000001,0.0,0.0,-146526.72000000003,0.0,HKD,rothschildmartinmaurel,,,,False,KYG017191142,,ALIBABA GROUP HOLDING,3e8a5c72cd6cb54db05bd33f945448b5db38f9adededbe157d48fb51fe84f539,VI,,0.12
3b58afa7758ca2b7d1c7885787b088fd452449166beb0bfed758c65ca5a8aa1c,0.0051,6689.0,35177451,588.6320000000005,34588819,USD,rothschildmartinmaurel,,,,False,IE00BYXPSP02,,ISH TREASURY 1-3 BD USD-ACC C,3e8a5c72cd6cb54db05bd33f945448b5db38f9adededbe157d48fb51fe84f539,F,2023-09-19,0.94
cdc012922a8d331a293d6ce1b4d5a71d4d11804e10675e723323ba54a3821e3e,-0.2241,0.0,0.0,-11531.55,0.0,USD,rothschildmartinmaurel,,,,False,IE00BTN1Y115,,MEDTRONIC P.L.C.,3e8a5c72cd6cb54db05bd33f945448b5db38f9adededbe157d48fb51fe84f539,VI,,0.94
c2c3764003dcbfc07fe407456725b5f3386660eb45ebc6cabdec5b4c3af3edab,0.0156,30000.0,75480.0,-1290.0000000000043,76770.0,USD,rothschildmartinmaurel,,,,False,IE00BBHXDF40,,HERMES GBL EMERG MKT R USD CAP,3e8a5c72cd6cb54db05bd33f945448b5db38f9adededbe157d48fb51fe84f539,F,2023-09-19,0.94
0336a90c40e96817240211ab59444d4374fb9495ebb1f7558b8ba0e56c25ce5b,0.1014,119.0,38101.42,4743.220999999998,33358199,USD,rothschildmartinmaurel,,,,False,IE00B4BNMY34,,ACCENTURE CL.A,3e8a5c72cd6cb54db05bd33f945448b5db38f9adededbe157d48fb51fe84f539,VI,2023-09-20,0.94
116440a7d533f3b775d4f8942fc2b03c182a178b17c3a8393b2b48a72ac0208d,0.1726,2534.0,239032.22,35198.32,203834.96,EUR,rothschildmartinmaurel,,,,False,IE00B3ZW0K18,,ISHARES S&P500 MONTHLY EURO HE,3e8a5c72cd6cb54db05bd33f945448b5db38f9adededbe157d48fb51fe84f539,F,2023-09-19,1.0
4e97525930678cb74ef5749ce9cdba92c92cc75bca8bc2a96f39a3e53081fdde,-0.0958,512.06,56142.77046,-6299.362119999995,62442.13257999999,USD,rothschildmartinmaurel,,,,False,IE0031814852,,FIRST STATE GREAT CHINA GWTH I3D,3e8a5c72cd6cb54db05bd33f945448b5db38f9adededbe157d48fb51fe84f539,F,2023-09-20,0.94
fcf856529c53cfc22b1e3e5a3cb1bb6af0564d9c1073f4e0a658a794226c520e,0.8131999999999999,5340.0,236444.52,100242.48,136202.04,USD,rothschildmartinmaurel,,,,False,IE0031442068,,ISHARES SP 500 UCITS ETF USD DIS,c31047b4b803299077791bd21fded659189fa5b9520a6bf1150e57ad13251aa9,F,2023-09-20,0.94
65a043e3bca6161096768b2ef7b4914c40376c2eed58c2dfcd753d8ccbcd5a84,0.0971,0.0,0.0,4855.0,0.0,EUR,rothschildmartinmaurel,,,,False,FR9348FS1565,,CA AC ABG SP500 6Y NC18M Q EUR,3e8a5c72cd6cb54db05bd33f945448b5db38f9adededbe157d48fb51fe84f539,FI,,1.0
9308e6fc48533404df1b6d64689ec725c2b49788b26a5c46c812e25646b2ea9f,0.0,0.0,0.0,0.0,0.0,EUR,rothschildmartinmaurel,,,,False,FR001400GCH7,,ESSILORLUXOTTICA DO 23,3e8a5c72cd6cb54db05bd33f945448b5db38f9adededbe157d48fb51fe84f539,O,,1.0
269caf30e771a7730cd6d6d74d8208c0abc8267e3569bade99ce42c1f52f2ac5,0.0218,3891.02,405015.94,8673.62,396343.18822,EUR,rothschildmartinmaurel,,,,False,FR001400BU98,,R-CO TARGET 2028 IG PART P EUR,3e8a5c72cd6cb54db05bd33f945448b5db38f9adededbe157d48fb51fe84f539,F,2023-09-18,1.0
6d379fcd711fe37d35b55abbffe52656d43ed780e568c864085250b2001d8e8e,0.0345,384.6,40033.4,1336.23,38696.9136,EUR,rothschildmartinmaurel,,,,False,FR001400BU98,,R-CO TARGET 2028 IG PART P EUR,c31047b4b803299077791bd21fded659189fa5b9520a6bf1150e57ad13251aa9,F,2023-09-18,1.0
0d33a734657eec7ff6fd27039fec81185096efdd15f42309e059af67ba4060b5,0.5114,0.0,0.0,7211.9,0.0,EUR,rothschildmartinmaurel,,,,False,FR001400AJ45,,MICHELIN,c31047b4b803299077791bd21fded659189fa5b9520a6bf1150e57ad13251aa9,VI,,1.0
8471e91bd213b2893ea47c12028c36e75ed9e67ade5de628cc768d502e4dd3e0,-0.0532,0.0,0.0,-1460.83,0.0,EUR,rothschildmartinmaurel,,,,False,FR00140060Z2,,R-CO CONVICTION SUBFIN P EUR,3e8a5c72cd6cb54db05bd33f945448b5db38f9adededbe157d48fb51fe84f539,F,,1.0
4b282eac1dcb53e09cd20dcc37bbc82567cfdd611dd88feac4b50944276e9c8a,0.0169,0.0,0.0,1421.1,0.0,EUR,rothschildmartinmaurel,,,,False,FR0013513165,,R-CO 4CHANGE GREEN BONDS P EUR,3e8a5c72cd6cb54db05bd33f945448b5db38f9adededbe157d48fb51fe84f539,F,,1.0
206f78865420684749f118d4037c64c2ec3cfacf1a92d327cbeaf44779006059,0.0293,1638.29,173478.51,4941.47,168537.44546,EUR,rothschildmartinmaurel,,,,False,FR0013417524,,R-CO VALOR BOND OPPORT C EUR,3e8a5c72cd6cb54db05bd33f945448b5db38f9adededbe157d48fb51fe84f539,F,2023-09-18,1.0
4452ac3da272aba2ff829d514e02dda2d4efa49b70d0bbb84ba67be4c5f6899d,0.2698,550.67,72958.53,15503.24,57455.25579,EUR,rothschildmartinmaurel,,,,False,FR0013293933,,R-CO THEMATIC SILVER PLUS CL,3e8a5c72cd6cb54db05bd33f945448b5db38f9adededbe157d48fb51fe84f539,F,2023-09-18,1.0
d06d3cd993e76afec38e48d0344873d9973dad9fbe293fe479f2b65878c0fb61,0.0748,700.0,76727.0,5344.32,71382.5,EUR,rothschildmartinmaurel,,,,False,FR0013269412,,R-CO TARGET 2024 HI YLD C EUR,3e8a5c72cd6cb54db05bd33f945448b5db38f9adededbe157d48fb51fe84f539,F,2023-09-19,1.0
582d01d9667e3eb3c781368150f02c1f258b06348e668ee6a9b37ddaf8d96393,0.0158,331.22,332390.91,5190.35,327202.30140000005,EUR,rothschildmartinmaurel,,,,False,FR0013127222,,RMM TRESORERIE C EUR,3e8a5c72cd6cb54db05bd33f945448b5db38f9adededbe157d48fb51fe84f539,F,2023-09-18,1.0
0572f4a92642252e25a49ff0bab4d72afd8bece365965e84ce0213aeccebfa57,0.0132,121.58,122009.79,1590.46,120419.88364,EUR,rothschildmartinmaurel,,,,False,FR0013127222,,RMM TRESORERIE C EUR,c31047b4b803299077791bd21fded659189fa5b9520a6bf1150e57ad13251aa9,F,2023-09-18,1.0
5c41978d4aad5293296148a3d7b698126a00ddb8c01530340c26680c89eca679,0.0191,188.5,199566.9,3754.81,195815685,EUR,rothschildmartinmaurel,,,,False,FR0011839901,,R-CO CONVICTION CRDT EURO P EUR,3e8a5c72cd6cb54db05bd33f945448b5db38f9adededbe157d48fb51fe84f539,F,2023-09-19,1.0
50f2fb62f919474c350b43a7cb73a876936b362c40d5747f1cfe71a27bbadba4,0.3253,60.0,172999.8,42465.08,130534.74,EUR,rothschildmartinmaurel,,,,False,FR0011253624,,R-CO VALOR C EUR,3e8a5c72cd6cb54db05bd33f945448b5db38f9adededbe157d48fb51fe84f539,F,2023-09-19,1.0
42d2566d23734a2be5314b77435067b3c64c943be4cc4d05d2a34d933631c90a,444,0.0,0.0,4107.81,0.0,EUR,rothschildmartinmaurel,,,,False,FR0011212547,,RMM ACTIONS USA C,3e8a5c72cd6cb54db05bd33f945448b5db38f9adededbe157d48fb51fe84f539,F,,1.0
d76936c3160ff1df1059bb2ad088de511af3a67c21047605d0d9ad50539292a9,5,805.77,105160.86,525.94,104634.87489,EUR,rothschildmartinmaurel,,,,False,FR0010697482,,R-CO CONVIC CR 12M EURO C EUR,3e8a5c72cd6cb54db05bd33f945448b5db38f9adededbe157d48fb51fe84f539,F,2023-09-19,1.0
535f883dcd809dd5885440e361d3c92cba893e2be5242166a74e2433a7219c4f,0.0834999999999999,0.0,0.0,692.7643199999991,0.0,USD,rothschildmartinmaurel,,,,False,FR0010294892,,RMM DOLLAR PLUS P,3e8a5c72cd6cb54db05bd33f945448b5db38f9adededbe157d48fb51fe84f539,F,,0.94
9464895992f39b68dec96b0ed510846f074440e042a4f96d388f11ede0f7d985,0.0127,1.19,2003.5554,5.688199999999967,1997.8672,USD,rothschildmartinmaurel,,,,False,FR0010294892,,RMM DOLLAR PLUS P,c31047b4b803299077791bd21fded659189fa5b9520a6bf1150e57ad13251aa9,F,2023-09-19,0.94
8108e0fdf1f5dd8f1f87330077f8440a968108fb3b0d5d8c134706b72bf1651f,-0.0070999999999999,254.99,56306.89,-405.43,56712.3259,EUR,rothschildmartinmaurel,,,,False,FR0010187898,,R-CO CONVIC EQ VAL EURO C EUR,3e8a5c72cd6cb54db05bd33f945448b5db38f9adededbe157d48fb51fe84f539,F,2023-09-19,1.0
8436cfe4cb6016440e786c8d95ea2c5854d85bbe397c768bf6e3e11f832c2b66,0.1383,1610.0,72248.75,8779.13,63469.42,EUR,rothschildmartinmaurel,,,,False,FR0007054358,,LYXOR EURO ST.50(DR)UC.D-EUR SI.,3e8a5c72cd6cb54db05bd33f945448b5db38f9adededbe157d48fb51fe84f539,F,2023-09-20,1.0
214f93ee6cb2f36db72f463f02c8bc5a9bc2ed0e7b7aede57cf4eedb79162302,0.4407,730.0,58173.7,17795.0,40378.490000000005,EUR,rothschildmartinmaurel,,,,False,FR0007001581,,R-CO THEMATIC GOLD MINING C EUR,3e8a5c72cd6cb54db05bd33f945448b5db38f9adededbe157d48fb51fe84f539,F,2023-09-18,1.0
f1181efadbc40b5fac1afef0e28f7ccdfdb389a6d9909d85b2104c6dd36a1928,-0.0197,15.0,78820.65,-1592.06,80412.72,EUR,rothschildmartinmaurel,,,,False,FR0000284150,,ESSOR EMERGING MARKETS C EUR,3e8a5c72cd6cb54db05bd33f945448b5db38f9adededbe157d48fb51fe84f539,F,2023-09-18,1.0
6db325c28f4852e72f3a05b3883dd49a8f040ab96f09a040c9f916406e9c5dc5,0.1522,184.0,32262.56,4263.74,27998912,EUR,rothschildmartinmaurel,,,,False,FR0000121667,,ESSILORLUXOTTICA,3e8a5c72cd6cb54db05bd33f945448b5db38f9adededbe157d48fb51fe84f539,VI,2023-09-19,1.0
d0fb09cfac584f8e47f735de72053cbeac9c16b01a956d8ef2003e1023a1ee06,0.7090000000000001,0.0,0.0,12924.05,0.0,EUR,rothschildmartinmaurel,,,,False,FR0000121261,,MICHELIN,c31047b4b803299077791bd21fded659189fa5b9520a6bf1150e57ad13251aa9,VI,,1.0
79ef789b1cdb01e54d6976447283a6f9a978330df1eee4ab786861710755d002,0.8170000000000001,58.0,42728.6,19213.21,23515404,EUR,rothschildmartinmaurel,,,,False,FR0000121014,,LVMH MOET HENNESSY VUITTON SE,3e8a5c72cd6cb54db05bd33f945448b5db38f9adededbe157d48fb51fe84f539,VI,2023-09-19,1.0
7aa00fc37cf9ba8e5be37b1222a58304cdbdd06dceb0974e16fe497922b1dbeb,4.9403,152.0,111978.4,93128.01,18850432,EUR,rothschildmartinmaurel,,,,False,FR0000121014,,LVMH MOET HENNESSY VUITTON SE,c31047b4b803299077791bd21fded659189fa5b9520a6bf1150e57ad13251aa9,VI,2023-09-19,1.0
e250dff4ff16ca013fbeab1c897f1b875300bfdc4ac9665bc0efca2e6a37cbce,0.1058,80.0,32800.0,3139.28,29660.72,EUR,rothschildmartinmaurel,,,,False,FR0000120321,,L'OREAL,3e8a5c72cd6cb54db05bd33f945448b5db38f9adededbe157d48fb51fe84f539,VI,2023-09-19,1.0
6e44196e6cbecdff135d1e45a54bda3d54c54f6b8df99e86e72fe7ff48077dcd,1.6912,185.0,111425.5,70022.5,41403.0,EUR,rothschildmartinmaurel,,,,False,DE0009751651,,UBS(D)EQ.SMALL GERMAN CO.CAP.3D,c31047b4b803299077791bd21fded659189fa5b9520a6bf1150e57ad13251aa9,F,2023-09-19,1.0
65513559247e91091b2e02bc3367f62a79d4c88f77a524522bbbba646fb492be,-0.2901,0.0,0.0,-87972.5,0.0,HKD,rothschildmartinmaurel,,,,False,CNE1000003X6,,PING AN INSURANCE,3e8a5c72cd6cb54db05bd33f945448b5db38f9adededbe157d48fb51fe84f539,VI,,0.12
42bf01ebf19023d3937c77e6fbec8f50eb341bca2717c0ab5221a42737b31661,-0.7225,0.0,0.0,-60150.23999999999,0.0,USD,rothschildmartinmaurel,,,,False,CH1119143423,,UBS REV TRIG 18M COINBASE -30,3e8a5c72cd6cb54db05bd33f945448b5db38f9adededbe157d48fb51fe84f539,FI,,0.94
fba4528615c26dd162a41585283158987398428f32591256b96a1adb8ac1304a,-0.1193999999999999,17.0,19720.0,-2674.1,22394.1,EUR,rothschildmartinmaurel,,,,False,CH0511551407,,UBS CERT ACTIONS TRANSITION ECO,3e8a5c72cd6cb54db05bd33f945448b5db38f9adededbe157d48fb51fe84f539,FI,2023-09-20,1.0
da257689604dddfd3488817c21713b9c915db0b0ba55efe0fcfb76eee9ab7156,0.0458999999999999,0.0,0.0,1079.93,0.0,EUR,rothschildmartinmaurel,,,,False,CH0511370139,,UBS CERT ACT MOBILITY RECOVERY,3e8a5c72cd6cb54db05bd33f945448b5db38f9adededbe157d48fb51fe84f539,FI,,1.0
1fd22b331820e9cce39d6c0bb95f9cd903c9373354be8d91441ff254f562d4fe,0.0263,0.0,0.0,2214.5,0.0,EUR,rothschildmartinmaurel,,,,False,CH0470254498,,UBS CERT ACTIONS RENDMT REINVEST,3e8a5c72cd6cb54db05bd33f945448b5db38f9adededbe157d48fb51fe84f539,FI,,1.0
1b302ddf1d54c1c87b4798b4e019aeaf9adda18f64326d63255b56c5d210eb93,1.6641,390.0,41620.8,21549.84,20070.96,CHF,rothschildmartinmaurel,,,,False,CH0038863350,,NESTLE NOM.,c31047b4b803299077791bd21fded659189fa5b9520a6bf1150e57ad13251aa9,VI,2023-09-19,1.04
3f76264f19bcba2e8cb0f3967cb545d9eff773d477caa0edc6c4e5d4d625d894,0.9959,1400.0,167300.0,59770.2,107529.8,CHF,rothschildmartinmaurel,,,,False,CH0014420852,,UBS LEMAN RESID FONCIPARS DIS,c31047b4b803299077791bd21fded659189fa5b9520a6bf1150e57ad13251aa9,F,2023-09-20,1.04
6c435d3b903232ad99960163c89ce6576d46cd4bd1e5d19db77130fba8cd0b7c,1.2553,125.0,32012.500000000004,13776.125000000004,18236375,CHF,rothschildmartinmaurel,,,,False,CH0012032048,,ROCHE HOLDING BJ,c31047b4b803299077791bd21fded659189fa5b9520a6bf1150e57ad13251aa9,FI,2023-09-20,1.04
6011510678ff5c00d6441243446ef9b52aef287f7de45e7f983c0745a54ad577,1.4103,580.0,53876.2,25159.24,28716.96,CHF,rothschildmartinmaurel,,,,False,CH0012005267,,NOVARTIS,c31047b4b803299077791bd21fded659189fa5b9520a6bf1150e57ad13251aa9,VI,2023-09-19,1.04
6731aa4e1d05c0edf4b83c87d6390653d602c6406db662ce3be7c6abf7b51b03,,0.0,0.0,,0.0,EUR,santander-e,,,,True,XS2182055181,,SIEMENS,eba00dfd014eeba4f07a182669ef0d2c6831ff1656c806b2b23ce9603585b492,FI,,1.0
133f009d3e1d425bd73028c9245050ee1441721a1c47a008b67df54fe2271475,,2100000.0,2107384.44,,,EUR,santander-e,,,,True,XS1944390241,,VOLKSWAGEN BK 310124,eba00dfd014eeba4f07a182669ef0d2c6831ff1656c806b2b23ce9603585b492,FI,,1.0
a8b736498afdbe9accf576c115eb7a6d037629cca3bc12c9a70c3e024c68a922,,0.0,0.0,,0.0,EUR,santander-e,,,,True,XS1797138960,,IBERDROLA INTL PERP.,86f0e4535d0b3dae24e4355c94f97aecb218cc0f6d715e1fdaebecb7353f833a,FI,,1.0
78dbeb26c4b43a7c06327afae5d0ee9fb1389338953528327388e51c9e220a65,,400000.0,349205.08,,,EUR,santander-e,,,,True,XS1693822634,,"ABN AMRO BANK 4,75% PERPETUAL",18fc8061b9cfcc255c2e8a4888a97ff8253b4c3f763d265fd8b598336c085951,FI,,1.0
b49577ea8a976850228fbc2421081f44a8e5172b33f03bb13cea14373423f696,,0.0,0.0,,0.0,EUR,santander-e,,,,True,XS1649192934,,BCO SANTANDER 4% 190123,18fc8061b9cfcc255c2e8a4888a97ff8253b4c3f763d265fd8b598336c085951,FI,,1.0
2239a78014a88e46ee28fc5f69e15855fcfbfbdf22c532f4856803747a93e0b6,,0.0,0.0,,0.0,EUR,santander-e,,,,True,XS1413581205,,TOTAL SA FLOAT 291249,86f0e4535d0b3dae24e4355c94f97aecb218cc0f6d715e1fdaebecb7353f833a,FI,,1.0
c91fd50747cfcf7788177b7a21ac125f2f9423faf5a90674c6f0e22eca12ddad,,1000000.0,720346.4,,,EUR,santander-e,,,,True,XS1218289103,,UNITED MEXICAN STATES 4% PERP,18fc8061b9cfcc255c2e8a4888a97ff8253b4c3f763d265fd8b598336c085951,FI,,1.0
75c6d955a106c622955b804cc0e1818074e8e72e29b88a21549a5a339ae489a4,,0.0,0.0,,0.0,EUR,santander-e,,,,True,XS1207054666,,REPSOL INTL.FIN. FLOAT PERPETUAL,86f0e4535d0b3dae24e4355c94f97aecb218cc0f6d715e1fdaebecb7353f833a,FI,,1.0
cccc2cc6cbef2a2a9d2c47e4f25597f195c5839b4918de1db0af8eeab75c0a2f,,0.0,0.0,,0.0,EUR,santander-e,,,,True,XS1115490523,,ORANGE S.A. FLOAT PERPETUAL,86f0e4535d0b3dae24e4355c94f97aecb218cc0f6d715e1fdaebecb7353f833a,FI,,1.0
2de338f16ff51e79f3e62c4cdc0f2ed206943f869fad2321f6bbe6621cb7cfff,,0.0,0.0,,0.0,EUR,santander-e,,,,True,USU75000BA36,,"ROCHE HOLDINGS 2,875% 290921",86f0e4535d0b3dae24e4355c94f97aecb218cc0f6d715e1fdaebecb7353f833a,FI,,1.0
1a6a40d7b5587a85dd97369f68799c17a20c78e7e7388b1577db438d78c1554b,,0.0,0.0,,0.0,USD,santander-e,,,,True,USU74078CB75,,"NESTLE HOLDINGS INC 3,1% 240921",86f0e4535d0b3dae24e4355c94f97aecb218cc0f6d715e1fdaebecb7353f833a,FI,,0.94
e8a12d1b46a5b3ce1aa8996d5e8aa1a254327fb7dc8ad1679c2ee71ceb321792,,0.0,0.0,,0.0,USD,santander-e,,,,True,USJ57160DY66,,NISSAN,18fc8061b9cfcc255c2e8a4888a97ff8253b4c3f763d265fd8b598336c085951,FI,,0.94
4361c7975a1c6065b448aaa30c22a91526bb165ebb991c388da3eeafc1102000,,200000.0,173422.71,,,GBP,santander-e,,,,True,US96122UAA25,,WESTPAC BANK. CORP PERP,18fc8061b9cfcc255c2e8a4888a97ff8253b4c3f763d265fd8b598336c085951,FI,,1.15
fbdcdad8cf97f17850b4da111bd1ddced203b4a1b56f2fd9ef39d3d7eb517fe0,,0.0,0.0,,0.0,USD,santander-e,,,,False,US9344231041,,WARNER BROS DISCOVERY INC,18fc8061b9cfcc255c2e8a4888a97ff8253b4c3f763d265fd8b598336c085951,VI,,0.94
493b75742a42e25fc1ee83368c0c8b70950a38fcee68eec942b726e115da1e48,,0.0,0.0,,0.0,USD,santander-e,,,,True,US91282CER88,,"US TREASURY N/B 2,5% 310524",86f0e4535d0b3dae24e4355c94f97aecb218cc0f6d715e1fdaebecb7353f833a,FI,,0.94
4d48fe72cfc72dca40028c233c7e057b96db3cd31060d99100c8bf57207715b4,,300000.0,270102.88,,,USD,santander-e,,,,True,US68389XBT19,,"ORACLE CORP 2,5% 010425",18fc8061b9cfcc255c2e8a4888a97ff8253b4c3f763d265fd8b598336c085951,FI,,0.94
ed4b56d4ce55c14fb91d6bd3dab6c962049d78947e0e612ae3aded162597223e,,300000.0,208211.7,,,USD,santander-e,,,,True,US68389XBQ79,,ORACLE CORP 4% 151147,18fc8061b9cfcc255c2e8a4888a97ff8253b4c3f763d265fd8b598336c085951,FI,,0.94
92c4dfe3a45165dae6e6ebd6e79053e85226eba30b1d8151e048104084d7007d,,940.0,382682.88,,,USD,santander-e,,,,False,US67066G1040,,NVIDIA CORP USD,18fc8061b9cfcc255c2e8a4888a97ff8253b4c3f763d265fd8b598336c085951,VI,,0.94
d0912ef97fe525ba301df403ac8e4d69f3a694e5c8d0cbff348b8942ca8e71a8,,175.0,219796.07,,,USD,santander-e,,,,False,US58733R1023,,MERCADOLIBRE INC USD,18fc8061b9cfcc255c2e8a4888a97ff8253b4c3f763d265fd8b598336c085951,VI,,0.94
36b0af7ac98c1b4051f82fa2c5de73fe0176dd200c3e93501eb3fffe11434ede,,1650.0,429293.27,,,USD,santander-e,,,,False,US5801351017,,MCDONALD'S CORP USD,18fc8061b9cfcc255c2e8a4888a97ff8253b4c3f763d265fd8b598336c085951,VI,,0.94
b8c17578cb4b91422466f43dffa6a38a3c475e8430c443f2951abc03c19800f8,,300000.0,343041.16,,,USD,santander-e,,,,True,US459200AP64,,"IBM CORP 7,125% 011296",18fc8061b9cfcc255c2e8a4888a97ff8253b4c3f763d265fd8b598336c085951,FI,,0.94
f13e765a735b5bfa09db18748f9dd620a39ddc0cee7d81b227ef5bfd480fa65b,,6276.0,213348.78,,,USD,santander-e,,,,False,US4581401001,,INTEL CORP USD,18fc8061b9cfcc255c2e8a4888a97ff8253b4c3f763d265fd8b598336c085951,VI,,0.94
8d7f3fd6a187f7231b5b0ccab8d07a7728e0d8eebb48680525f98d472255ba27,,300000.0,289884.14,,,USD,santander-e,,,,True,US42824CAY57,,"HP ENTERPRISE 6,35% 151045",18fc8061b9cfcc255c2e8a4888a97ff8253b4c3f763d265fd8b598336c085951,FI,,0.94
078e2e4072002f9b9f47f05b66346639c5e6cd82e74a3e13d5d207de13d34057,,0.0,0.0,,0.0,USD,santander-e,,,,True,US38143U8F16,,"GOLDMAN SACHS GROUP INC 2,875% 2502",86f0e4535d0b3dae24e4355c94f97aecb218cc0f6d715e1fdaebecb7353f833a,FI,,0.94
8acdf257aad73c87aed683c95f8203c247c331b4a53ebf02c12fc89213b8ee86,,4484.0,1279638.81,,,USD,santander-e,,,,False,US30303M1027,,META PLATFORMS INCUSD,18fc8061b9cfcc255c2e8a4888a97ff8253b4c3f763d265fd8b598336c085951,VI,,0.94
e522394595dbba5faddb17d3be5acca53d747165644a4a095891d891fb06d020,,0.0,0.0,,0.0,USD,santander-e,,,,False,US25470F1049,,DISCOVERY INC W I USD,18fc8061b9cfcc255c2e8a4888a97ff8253b4c3f763d265fd8b598336c085951,VI,,0.94
04cfde9f77d664e734bba898eafd58f70f7b5ac27d7842009e40b56b37694b65,,1130.0,82588.31,,,USD,santander-e,,,,False,US19260Q1076,,COINBASE GLOBAL INC -CL A USD,18fc8061b9cfcc255c2e8a4888a97ff8253b4c3f763d265fd8b598336c085951,VI,,0.94
55f281a3f349bceeac37299039db1180717e0fc05757144e48aad8a836c651d6,,0.0,0.0,,0.0,USD,santander-e,,,,True,US17275RBJ05,,"CISCO SYSTEMS INC 1,85% 200921",86f0e4535d0b3dae24e4355c94f97aecb218cc0f6d715e1fdaebecb7353f833a,FI,,0.94
2b53dee49040a2b1fe1c86c610cf42907cf4951e80740669dd8c5610e4fd7b84,,0.0,0.0,,0.0,USD,santander-e,,,,False,US1667641005,, CHEVRON CORP,18fc8061b9cfcc255c2e8a4888a97ff8253b4c3f763d265fd8b598336c085951,VI,,0.94
4f805ce55c8a507c0109cd4f011bc8312342ba4bcf7f8fed76387af192295a37,,300000.0,258801.22,,,USD,santander-e,,,,True,US097023DG73,,"BOEING CO 2,196% 040226",18fc8061b9cfcc255c2e8a4888a97ff8253b4c3f763d265fd8b598336c085951,FI,,0.94
b853e72d5c3ef834961aabfde4c68bcb0bb9ce700fb008d40d93cbfe362f08c7,,1325.0,253448.08,,,USD,santander-e,,,,False,US0970231058,,BOEING CO USD,18fc8061b9cfcc255c2e8a4888a97ff8253b4c3f763d265fd8b598336c085951,VI,,0.94
a075199b09e25260089912f0eed0134e6aae70cc486f4a966b0ed2caed6183dd,,3900.0,37358.28,,,USD,santander-e,,,,False,US08862E1091,,BEYOND MEAT INC USD,18fc8061b9cfcc255c2e8a4888a97ff8253b4c3f763d265fd8b598336c085951,VI,,0.94
6113393ebc652a144e2dfd59e464f821f53a615527771c544c947a6e8241ec73,,1850.0,229337.7,,,USD,santander-e,,,,False,US0567521085,,BAIDU INC,18fc8061b9cfcc255c2e8a4888a97ff8253b4c3f763d265fd8b598336c085951,VI,,0.94
4c586ef425e488b656f1e1b19098042f9eef596aa0ec2cf708a992f258f9a000,,6000.0,772478.96,,,USD,santander-e,,,,False,US0231351067,,AMAZON.COM INC USD.,18fc8061b9cfcc255c2e8a4888a97ff8253b4c3f763d265fd8b598336c085951,VI,,0.94
234bd34f1a66e67202a212c70ab01f49eff52aff6916b9abad925b79679abfc6,,2750.0,364908.8,,,USD,santander-e,,,,False,US0090661010,,AIRBNB INC-CLASS A,18fc8061b9cfcc255c2e8a4888a97ff8253b4c3f763d265fd8b598336c085951,VI,,0.94
a2e3e0b5455473a38f797f0db4eefd00ec84bf590c05f6b5f350629e86d83809,,0.0,0.0,,0.0,USD,santander-e,,,,False,US00206R1023,,AT&T INC,18fc8061b9cfcc255c2e8a4888a97ff8253b4c3f763d265fd8b598336c085951,VI,,0.94
b1df82772bd62d5b1ab1fac2bb1b49e04e4cf334a2b70ef2df72b77b899169d0,,0.0,0.0,,0.0,EUR,santander-e,,,,False,TESORO090623,,TESORO 090623,eba00dfd014eeba4f07a182669ef0d2c6831ff1656c806b2b23ce9603585b492,O,,1.0
4d5c2bf806e548c2bd32a23163c8b2a484bd7856048caf5de1bd45c603ca5c2f,,1200000.0,1200000.0,,,EUR,santander-e,,,,False,TESORO081223,,TESORO 081223,eba00dfd014eeba4f07a182669ef0d2c6831ff1656c806b2b23ce9603585b492,O,,1.0
5b6ed787da21ffd88e2496feb294a7cd5c352b0ae78e8a3266d0fa82ae720bff,,0.0,0.0,,0.0,EUR,santander-e,,,,False,TESORO080923,,TESORO 080923,eba00dfd014eeba4f07a182669ef0d2c6831ff1656c806b2b23ce9603585b492,O,,1.0
ed5260f76277bccdb6a0a01e8304a93b9470f3cc0ec2ef3a89f76439d4d3a8cd,,1200000.0,1200000.0,,,EUR,santander-e,,,,False,TESORO080324,,TESORO 080324,eba00dfd014eeba4f07a182669ef0d2c6831ff1656c806b2b23ce9603585b492,O,,1.0
90771aee83bc116d809dc6bf071c99385c9cc4f9f90ca89ff951c301c8437c49,,1200000.0,1170148.8,,,EUR,santander-e,,,,True,"SIEMENSFINANCIE.0,25%050624",,"SIEMENS FINANCIE.0,25% 050624",eba00dfd014eeba4f07a182669ef0d2c6831ff1656c806b2b23ce9603585b492,FI,,1.0
eec9e4ed6f15628ad490c271d4552ea1a35e53b94338385152f921de5de3c4eb,,3000.0,260399.79,,,EUR,santander-e,,,,False,NOVONORDISKA/S-B,,NOVO NORDISK A/S-B,18fc8061b9cfcc255c2e8a4888a97ff8253b4c3f763d265fd8b598336c085951,VI,,1.0
7c53418000519c2324014372506862ddb7d0171bf3958c2dd293c8ad9337572e,,500000.0,427755.52,,,USD,santander-e,,,,True,"NISSANMOTOR4,345%0927",,"NISSAN MOTOR 4,345% 0927",18fc8061b9cfcc255c2e8a4888a97ff8253b4c3f763d265fd8b598336c085951,FI,,0.94
215d34964b7000a05c2f99e262d4cda49fd52af446c051450a94dad317028c80,,0.0,0.0,,0.0,EUR,santander-e,,,,False,LU2183143846,,"AMUNDI FUNDS EUROPEAN ""R"" (EUR) A",86f0e4535d0b3dae24e4355c94f97aecb218cc0f6d715e1fdaebecb7353f833a,F,,1.0
147a3e8a0e7ae39879165264a9d3faff7e95a775e676c2bccd6e937d8a5cfbd4,,40294.85,392471.83,,395000.0,EUR,santander-e,,,,False,LU1966276856,,"BGF EURO SHORT DURATI ""SI"" (EUR)",86f0e4535d0b3dae24e4355c94f97aecb218cc0f6d715e1fdaebecb7353f833a,F,,1.0
53a7a7cd1eb165ba0569db2c90c5360458576668739636bb113953b5ccb38925,,4734.63,77505.89,,79040.26,EUR,santander-e,,,,False,LU1917165158,,"BGF NEXT GENERATION TECHNOLOGY ""I2"" (EUR",86f0e4535d0b3dae24e4355c94f97aecb218cc0f6d715e1fdaebecb7353f833a,F,,1.0
ac69983f9013004ac444021bd590d28db284c4e524e54f22d91f30593f57c509,,5.42,57018.86,,54516.37317238264,GBP,santander-e,,,,False,LU1873128927,,"JPM GBP LIQUIDITY LVNAV ""C"" (GBP) ACC A",86f0e4535d0b3dae24e4355c94f97aecb218cc0f6d715e1fdaebecb7353f833a,F,,1.15
2026e5b617c6c61109d1e350af2e5ff7b6755115ef24782d072f58a235cc52d1,,0.0,0.0,,0.0,EUR,santander-e,,,,False,LU1849566168,,"THREAD (LUX) PAN EU SCO  ""9E"" (EU) A",86f0e4535d0b3dae24e4355c94f97aecb218cc0f6d715e1fdaebecb7353f833a,F,,1.0
80c8e2a7b8e325d34eef729c37f03181f79c5b51b3d3fafd418bcd250526e888,,0.0,0.0,,0.0,EUR,santander-e,,,,False,LU1849560120,,"THREAD (LUX) CRED OPPS ""2E"" (EUR) A",86f0e4535d0b3dae24e4355c94f97aecb218cc0f6d715e1fdaebecb7353f833a,F,,1.0
e9c4aa413bd70732e4f05f06e513806ef831dbc6fe5ea7fe8e1ad1f683218e41,,3044.66,46644.12,,45000.0,EUR,santander-e,,,,False,LU1762222476,,"INVESCO JAPANESE EQUI ""Z"" (EURHDG)",86f0e4535d0b3dae24e4355c94f97aecb218cc0f6d715e1fdaebecb7353f833a,F,,1.0
41915e514c1dc7d2446b977c845991096b2df14a1aa034da0b2758febfb2f2bc,,0.0,0.0,,0.0,EUR,santander-e,,,,False,LU1731832918,,"FIDELITY EMERGING ASI ""Y"" (EUR)",86f0e4535d0b3dae24e4355c94f97aecb218cc0f6d715e1fdaebecb7353f833a,F,,1.0
14814c55359cb606e5f1264789d9ea5f3893e74055fe77118fb5af752c357699,,0.0,0.0,,0.0,EUR,santander-e,,,,False,LU1727359835,,"JPM US SHORT DURATION ""I2"" (EURHDG)",86f0e4535d0b3dae24e4355c94f97aecb218cc0f6d715e1fdaebecb7353f833a,F,,1.0
854838ed09973b110827fc475a72f72e3da9c62611ea812bcdd15846b1f99f87,,0.0,0.0,,0.0,EUR,santander-e,,,,False,LU1717117623,,"VONTOBEL TWENTYFOUR S ""HG"" (EURHDG) ACC",86f0e4535d0b3dae24e4355c94f97aecb218cc0f6d715e1fdaebecb7353f833a,F,,1.0
c335603ae1992ed9033879002084cf191834b034ab4d0c6a9fa2effbf622e042,,2452.31,252089.55,,250000.0,EUR,santander-e,,,,False,LU1694214633,,"NORDEA 1 LOW DUR EU COV ""BI"" (EUR) ACC",86f0e4535d0b3dae24e4355c94f97aecb218cc0f6d715e1fdaebecb7353f833a,F,,1.0
04c28c26923f164ae2468cc2ff9690528a7ca7664b9865280605600233602c70,,0.0,0.0,,0.0,EUR,santander-e,,,,False,LU1681048630,,AMUNDI S&P GLOBAL LUXURY EUR,18fc8061b9cfcc255c2e8a4888a97ff8253b4c3f763d265fd8b598336c085951,ETF,,1.0
a542acc97aefc7463947a2c2e76102083878493d10716135eaffce9e24a105bd,,6263.39,99765.1,,103353.4,EUR,santander-e,,,,False,LU1665238181,,"M&G (LUX) GLOBAL LIST ""L"" (EUR)",86f0e4535d0b3dae24e4355c94f97aecb218cc0f6d715e1fdaebecb7353f833a,F,,1.0
0952b4812b330d46a7a2a07ec41db84b975453155e4f5af84e0680659f6f3349,,0.0,0.0,,0.0,EUR,santander-e,,,,False,LU1663931324,,"DWS INVEST GLB INFR ""TFC"" (EUR) ACC",86f0e4535d0b3dae24e4355c94f97aecb218cc0f6d715e1fdaebecb7353f833a,F,,1.0
ed035cd26b04f1186ee23795e727d0886404eeab39099da882056a4ea29ddb10,,0.0,0.0,,0.0,EUR,santander-e,,,,False,LU1662401824,,"JPM US VALUE ""I"" (EUR)",86f0e4535d0b3dae24e4355c94f97aecb218cc0f6d715e1fdaebecb7353f833a,F,,1.0
0b6f73224c2b1600bfd34f0e2f82c3a680c6b512251d44df5814b08fd3aa2c8c,,0.0,0.0,,0.0,EUR,santander-e,,,,False,LU1598757687,,ARCELORMITTAL S.A.,86f0e4535d0b3dae24e4355c94f97aecb218cc0f6d715e1fdaebecb7353f833a,VI,,1.0
2934ddecfbb0a001698446f6c0eee7c2e60d69b3ad98b38d5f4131718373eeac,,0.0,0.0,,0.0,EUR,santander-e,,,,False,LU1534073041,,"DWS FLOATING RATE NOT ""IC"" (EUR)",86f0e4535d0b3dae24e4355c94f97aecb218cc0f6d715e1fdaebecb7353f833a,F,,1.0
1ae339995551d036529b760af5e04dcd0d0b58a732b68f8924224d0d53528831,,0.0,0.0,,0.0,EUR,santander-e,,,,False,LU1534068801,,"DWS FLOATING RATE NOT ""FC"" (EUR)",86f0e4535d0b3dae24e4355c94f97aecb218cc0f6d715e1fdaebecb7353f833a,F,,1.0
d3f1536d9e40a97aa766f0f54f465c082c5e0bf80cca7207799eb4cee33e906c,,0.0,0.0,,0.0,EUR,santander-e,,,,False,LU1530900684,,"CPR INVEST GLOBAL DIS ""R"" (EUR)",86f0e4535d0b3dae24e4355c94f97aecb218cc0f6d715e1fdaebecb7353f833a,F,,1.0
47109d4888b853f43f97050704676375f74e85ec937c63df0ece574710c3d1ef,,0.0,0.0,,0.0,EUR,santander-e,,,,False,LU1530899142,,"CPR INVEST GLOBAL DIS ""A"" (EUR)",86f0e4535d0b3dae24e4355c94f97aecb218cc0f6d715e1fdaebecb7353f833a,F,,1.0
9a0e725aca323de07da7d2dbc478422133cf1fb6dc9763528d5d9fdcf5337219,,0.0,0.0,,0.0,EUR,santander-e,,,,False,LU1482751903,,"FIDELITY GLOBAL TECHN ""Y"" (EURHDG)",86f0e4535d0b3dae24e4355c94f97aecb218cc0f6d715e1fdaebecb7353f833a,F,,1.0
17e425bbed9f7f04bf12d64aaabc17e3a8fc3a0429172efa446a260f67fa3199,,4056.01,459465.03,,459319.27,EUR,santander-e,,,,False,LU1481584016,,"FLOSSBACH -BD OPP ""IT"" (EUR)",86f0e4535d0b3dae24e4355c94f97aecb218cc0f6d715e1fdaebecb7353f833a,F,,1.0
353265ff40d12668a1c59b04655ae26dc50fdfbc4848b6caedc20cde02dc832e,,0.0,0.0,,0.0,USD,santander-e,,,,False,LU1409136006,,X USD ASIACORP BOND,18fc8061b9cfcc255c2e8a4888a97ff8253b4c3f763d265fd8b598336c085951,ETF,,0.94
9b31faab51882bd226d6199988fd311a5982c11118f3079aad08c625dd0ca1ae,,0.0,0.0,,0.0,EUR,santander-e,,,,False,LU1244894827,,"EDR BIG DATA ""N"" (EUR) ACC",86f0e4535d0b3dae24e4355c94f97aecb218cc0f6d715e1fdaebecb7353f833a,F,,1.0
2dfc455a2db133c558354ee44d0e0f2730ec7e984a2919dc233ab30fecb0d472,,0.0,0.0,,0.0,EUR,santander-e,,,,False,LU1244894231,,"EDR BIG DATA ""I"" (EUR) ACC",86f0e4535d0b3dae24e4355c94f97aecb218cc0f6d715e1fdaebecb7353f833a,F,,1.0
3d1576b3ce664075f83b9d62688d509c730ab5f5d9151b1a7d5e133f1fc809b2,,3089.03,54644.9,,54212.43,EUR,santander-e,,,,False,LU1047639791,,"JANUS HENDERSON HORIZ ""G2"" (EUR)",86f0e4535d0b3dae24e4355c94f97aecb218cc0f6d715e1fdaebecb7353f833a,F,,1.0
3be74bf1afbad4bd3c7df017223a0e0f78b9cd4dd1a334f11bc78ddb3bb85850,,802.71,134661.95,,217260.23318354244,USD,santander-e,,,,False,LU1017642064,,"UBS (LUX) EQUITY FUND CHINA ""IA1"" (USD)",86f0e4535d0b3dae24e4355c94f97aecb218cc0f6d715e1fdaebecb7353f833a,F,,0.94
c5bc91f9aa6c86942d528573e8de6e5431f2efafa2a51d8aae5d7830ea9f632c,,125.89,138559.25,,138750.38,EUR,santander-e,,,,False,LU0992631217,,"CARMIGNAC PORTFOLIO F ""F"" (EUR) B",86f0e4535d0b3dae24e4355c94f97aecb218cc0f6d715e1fdaebecb7353f833a,F,,1.0
c519702e2434414483ffdd76f157f782c371a245206dec5f49de93e88976f4fb,,0.0,0.0,,0.0,EUR,santander-e,,,,False,LU0992624949,,"CARMIGNAC PORTFOLIO S ""FW"" (EUR)",86f0e4535d0b3dae24e4355c94f97aecb218cc0f6d715e1fdaebecb7353f833a,F,,1.0
357372f4f62b67763cd1ad5b73bc5d486f0df4fd0e6e7546ae61930e6369b259,,0.0,0.0,,0.0,EUR,santander-e,,,,False,LU0973529844,,"JPM US SHORT DURATION ""I"" (EURHDG)",86f0e4535d0b3dae24e4355c94f97aecb218cc0f6d715e1fdaebecb7353f833a,F,,1.0
f96a13f9b357c6fda84e6b6860f73fcd19f80770b7562e2e8cec769f53d0da75,,0.0,0.0,,0.0,EUR,santander-e,,,,False,LU0973524456,,"JPM GLOBAL CORPORATE ""I"" (EURHDG)",86f0e4535d0b3dae24e4355c94f97aecb218cc0f6d715e1fdaebecb7353f833a,F,,1.0
31c0b206e45bd705577ae3f16eedfaa6f4bc4818b9aee4698965f232ee3ee9e4,,0.0,0.0,,0.0,EUR,santander-e,,,,False,LU0906985758,,"GS JAPAN EQ PORTFOLIO ""I"" (EURHDG)",86f0e4535d0b3dae24e4355c94f97aecb218cc0f6d715e1fdaebecb7353f833a,F,,1.0
da9328411669f330cb8f104f436988e7f4afa42c2929152afc1e4f7284cade26,,0.0,0.0,,0.0,EUR,santander-e,,,,False,LU0888974473,,"BGF CONTINENTAL EUROP FLEX ""I2"" (EU",86f0e4535d0b3dae24e4355c94f97aecb218cc0f6d715e1fdaebecb7353f833a,F,,1.0
37b60a82579979e6a9e9cb28dbccbe8a2dd11ccac5e83ac9914962edc811fc35,,0.0,0.0,,0.0,USD,santander-e,,,,False,LU0607974630,,"NORDEA 1 GL CLIMATE & ENV ""BI"" (USD",86f0e4535d0b3dae24e4355c94f97aecb218cc0f6d715e1fdaebecb7353f833a,F,,0.94
f5ac52e8d14056c9bc1c85c05cff5b26770bf25d98d4fe189e80fd12bd06ad03,,0.0,0.0,,0.0,EUR,santander-e,,,,False,LU0605514057,,"FIDELITY CHINA CONSUMER ""Y"" (EUR) ACC",86f0e4535d0b3dae24e4355c94f97aecb218cc0f6d715e1fdaebecb7353f833a,F,,1.0
6a5366796a1504712e6ccf00a7daa12562ef64122797de275adfa7225dd3cb3b,,0.0,0.0,,0.0,USD,santander-e,,,,False,LU0605512606,,"FIDELITY ASIAN BOND ""Y"" (USD)",86f0e4535d0b3dae24e4355c94f97aecb218cc0f6d715e1fdaebecb7353f833a,F,,0.94
2fda5f9a095eb54a048547b4a0f14be336ec31fdab55b416fc0aff8700710137,,944.26,116946.35,,120000.0,EUR,santander-e,,,,False,LU0583240782,,"MFS MERIDIAN EM MKTS DBT ""I1"" (EURHDG)",86f0e4535d0b3dae24e4355c94f97aecb218cc0f6d715e1fdaebecb7353f833a,F,,1.0
de4982b3ce7a90ab34270cc28238541bcaaf616438ae5828d83a6968962d29d9,,0.0,0.0,,0.0,USD,santander-e,,,,False,LU0579853648,,"JPM INCOME OPP ""I PERF"" (USD) ACC",86f0e4535d0b3dae24e4355c94f97aecb218cc0f6d715e1fdaebecb7353f833a,F,,0.94
0ef2aab13861160f1903ff5adaed875b1547ff47020b6ae5ee099eab4a8c3eca,,0.0,0.0,,0.0,EUR,santander-e,,,,False,LU0568620131,,"AMUNDI CASH EURO ""I2"" (EUR) ACC",86f0e4535d0b3dae24e4355c94f97aecb218cc0f6d715e1fdaebecb7353f833a,F,,1.0
2607b68a761b23b87af2fb1b31fc22b9596d00fbceb65d74a316dbd6b1f43ed0,,1857.21,217658.05,,214433.00532548825,USD,santander-e,,,,False,LU0562248236,,"JPM US SHORT DURATION BD ""I"" (USD)",86f0e4535d0b3dae24e4355c94f97aecb218cc0f6d715e1fdaebecb7353f833a,F,,0.94
039e4e68c879f1a53e56bf5df42745d450c6085ce7869dca4ca97696437bcc7b,,0.0,0.0,,0.0,USD,santander-e,,,,False,LU0545040395,,"BGF GLOBAL EQUITY INC ""I"" (USD)",86f0e4535d0b3dae24e4355c94f97aecb218cc0f6d715e1fdaebecb7353f833a,F,,0.94
e6e536995535c2db52ecddf2b71a6581aa05650bc9a5878918575b8eb470aad5,,0.0,0.0,,0.0,USD,santander-e,,,,False,LU0545039975,,"BGF GLOBAL EQUITY INCOME ""D2""",86f0e4535d0b3dae24e4355c94f97aecb218cc0f6d715e1fdaebecb7353f833a,F,,0.94
ed94d10d2d494284e982c08ecb28afb30c4a61e53b73dbc4646cdf50c6903b54,,0.0,0.0,,0.0,EUR,santander-e,,,,False,LU0438336777,,"BSF FIXED INC STRT ""I2"" (EUR)",86f0e4535d0b3dae24e4355c94f97aecb218cc0f6d715e1fdaebecb7353f833a,F,,1.0
e5311fac7e1708d35db49080ac7accf232c730fbf7e7c48639be89cd0eba9a3c,,0.0,0.0,,0.0,USD,santander-e,,,,False,LU0403296170,,"UBS (LUX) EQ FUND CHINA OPP ""Q"" (US",86f0e4535d0b3dae24e4355c94f97aecb218cc0f6d715e1fdaebecb7353f833a,F,,0.94
2c83d7fbac3b046a5d39d25290fc90022dd2477cafc8dcdc0b9937772e5d06d7,,0.0,0.0,,0.0,EUR,santander-e,,,,False,LU0386875149,,"PICTET GLB MGTRND SELCTN ""I"" (EUR)",86f0e4535d0b3dae24e4355c94f97aecb218cc0f6d715e1fdaebecb7353f833a,F,,1.0
0dd1ba4c012da79f067956f7185114181a6fc652989ccf4d3bf6836d9b000e09,,15250.0,1064602.5,,,EUR,santander-e,,,,False,LU0380865021,,XTRACKERS DJ STX 50 EUR,18fc8061b9cfcc255c2e8a4888a97ff8253b4c3f763d265fd8b598336c085951,ETF,,1.0
6b419d37c393ceb7e129346e9843a0d91ab641faf8cdb5c23f5e50133de1a026,,0.0,0.0,,0.0,EUR,santander-e,,,,False,LU0360484769,,"US ADVANTAGE ""ZH"" (EURHDG) ACC",86f0e4535d0b3dae24e4355c94f97aecb218cc0f6d715e1fdaebecb7353f833a,F,,1.0
9ddac966e9c0b7e59515e61bebe5809dfe2f95046599f1029737de29bb1eb2fa,,1375.65,137537.38,,140000.0,EUR,santander-e,,,,False,LU0360483019,,"GLOBAL BRANDS ""ZH"" (EURHDG) ACC",86f0e4535d0b3dae24e4355c94f97aecb218cc0f6d715e1fdaebecb7353f833a,F,,1.0
73eedf0dabe00858b212bab68bb0b2467ade747b010c46ebd50a2ec3ae59752b,,0.0,0.0,,0.0,EUR,santander-e,,,,False,LU0346388530,,"FIDELITY GERMANY ""Y""",86f0e4535d0b3dae24e4355c94f97aecb218cc0f6d715e1fdaebecb7353f833a,F,,1.0
75eb5678e046252f157ceda8b05e4df798353d6545b76d4017817d2ff1174751,,527.43,115001.86,,112346.54,EUR,santander-e,,,,False,LU0312333569,,"ROBECO QI EUR CONS EQS ""I"" (EUR) ACC",86f0e4535d0b3dae24e4355c94f97aecb218cc0f6d715e1fdaebecb7353f833a,F,,1.0
efdebcf74af47b28ebad9f689121f25455ed88ba31c3cb7c31bbeb09a84f9c36,,0.0,0.0,,0.0,EUR,santander-e,,,,False,LU0293295597,,"ALLIANZ ENHANCED ST EURO ""IT13"" (EU",86f0e4535d0b3dae24e4355c94f97aecb218cc0f6d715e1fdaebecb7353f833a,F,,1.0
d68a3b80781215a9b4239696fae7c67aed88ee650b35966e2f360e723edf28c8,,0.0,0.0,,0.0,EUR,santander-e,,,,False,LU0280437160,,"PICTET EM LOC CURR DEBT ""I""(EUR)",86f0e4535d0b3dae24e4355c94f97aecb218cc0f6d715e1fdaebecb7353f833a,F,,1.0
def20b55e7feb5c17820676a3e8dbc1d6296a08a25fe319d3932dad159b653e7,,834.01,145350.91,,158274.42475433933,USD,santander-e,,,,False,LU0278093082,,"VONTOBEL EMERGING MARKETS EQUITY ""I""",86f0e4535d0b3dae24e4355c94f97aecb218cc0f6d715e1fdaebecb7353f833a,F,,0.94
dc21a0060e48e266d988730904a2eb0999a809dac8fd2a3fe53a05ad7a105f79,,583.09,83853.88,,85299.93,EUR,santander-e,,,,False,LU0227145629,,"AXA WF GLOBAL INFLATION BONDS ""I"" (EUR)",86f0e4535d0b3dae24e4355c94f97aecb218cc0f6d715e1fdaebecb7353f833a,F,,1.0
773e177b5b8f265370527cdfb49db551c2078ec7850a229b8a9021af94579d45,,163.48,70363.94,,72845.64,EUR,santander-e,,,,False,LU0219424487,,"MFS MERIDIAN EUROP VALUE ""I1"" (EUR)",86f0e4535d0b3dae24e4355c94f97aecb218cc0f6d715e1fdaebecb7353f833a,F,,1.0
72f47e0c7fc9f857445295a08da1da14889acf6bba73372ce3ef23153f1c94cf,,0.0,0.0,,0.0,EUR,santander-e,,,,False,LU0211300792,,"AXA IM FIIS US CORP  ERM BNDS ""A"" (EUR)",86f0e4535d0b3dae24e4355c94f97aecb218cc0f6d715e1fdaebecb7353f833a,F,,1.0
59cb26f4f1297bf25c02bbff814ed513ffd8e475bff6b9c891079be91e740946,,0.0,0.0,,0.0,USD,santander-e,,,,False,LU0128497707,,"PICTET SHORT TERM MONEY MKT(USD) ""I",86f0e4535d0b3dae24e4355c94f97aecb218cc0f6d715e1fdaebecb7353f833a,F,,0.94
4a37b959bf34c0313f0e48dee61253a38a6287ca43868ec9f9973c0a6ffd1aba,,0.0,0.0,,0.0,GBP,santander-e,,,,False,LU0088883458,,"JPM GBP LIQUIDITY LVNAV ""C"" (GBP) A",86f0e4535d0b3dae24e4355c94f97aecb218cc0f6d715e1fdaebecb7353f833a,F,,1.15
6170b2b4b117316d49f512125dd1e2834a120132342244bbaa74363f6ec07122,,0.0,0.0,,0.0,EUR,santander-e,,,,False,"INDUSTRIADEDISEÑOTEXTIL,SA",,"INDUSTRIA DE DISEÑO TEXTIL,SA",18fc8061b9cfcc255c2e8a4888a97ff8253b4c3f763d265fd8b598336c085951,VI,,1.0
8bc588043aca254166e7b3de0d55ff32bb12c72e513afe3f037d98bdcf5944eb,,0.0,0.0,,0.0,EUR,santander-e,,,,False,IE00BZ01QT89,,"AXA ROSENBERG US ENHA ""I"" (EUR)",86f0e4535d0b3dae24e4355c94f97aecb218cc0f6d715e1fdaebecb7353f833a,F,,1.0
6d32c125585b2b7d15c138b1fb6d2c5d4e6e06cace43b306180dce4537767022,,0.0,0.0,,0.0,EUR,santander-e,,,,False,IE00BYXHR262,,"MUZINICH ENHANCED YIE ""H"" (EURHDG)",86f0e4535d0b3dae24e4355c94f97aecb218cc0f6d715e1fdaebecb7353f833a,F,,1.0
c93635915c96d53cb31c2b40c57e59e1730b12cd13bc9b7d9295bc5514e3647d,,0.0,0.0,,0.0,EUR,santander-e,,,,False,IE00BQSBX418,,"GAM STAR MBS TOTAL RT ""INS"" (EURHDG",86f0e4535d0b3dae24e4355c94f97aecb218cc0f6d715e1fdaebecb7353f833a,F,,1.0
855c60271bc09a7c33a8560c0480107efc77a3c58a9928c1bb670f29148f033c,,24071.94,245533.73,,243399.08,EUR,santander-e,,,,False,IE00BDZRX185,,"NEUBERGER BERMAN SD EM BT ""I"" (EURHDG)",86f0e4535d0b3dae24e4355c94f97aecb218cc0f6d715e1fdaebecb7353f833a,F,,1.0
5c54c222465d13024ce0b9241c7c4ace309849a6df8245ff06ad3837b392a507,,715.91,128233.79,,126016.69,EUR,santander-e,,,,False,IE00B81TMV64,,"ALGEBRIS FINANCIAL CR ""I"" (EUR) ACC",86f0e4535d0b3dae24e4355c94f97aecb218cc0f6d715e1fdaebecb7353f833a,F,,1.0
94b27a55e4895f30c0405bb88466eae3796c38787aa359f65189659528294e01,,15187.18,211405.5,,210000.0,EUR,santander-e,,,,False,IE00B80G9288,,"PIMCO INCOME ""I"" (EURHDG)",86f0e4535d0b3dae24e4355c94f97aecb218cc0f6d715e1fdaebecb7353f833a,F,,1.0
60621d5c189fb60a1591368127c20fa5ffcf88a7798011e2c3f000090116e832,,13900.0,125795.0,,88960.0,EUR,santander-e,,,,False,IE00B5BJ5943,,"PIMCO COMMODITY REAL RTN ""I"" (EURHDG)ACC",86f0e4535d0b3dae24e4355c94f97aecb218cc0f6d715e1fdaebecb7353f833a,F,,1.0
be266c9b656c9f92a43da632b33a09e77bdfe9a20a9eecf02ce950b17b1ffbf4,,0.0,0.0,,0.0,EUR,santander-e,,,,False,IE00B520F527,,"SALAR ""E1"" (EURHDG) ACC",86f0e4535d0b3dae24e4355c94f97aecb218cc0f6d715e1fdaebecb7353f833a,F,,1.0
26d7567c5605bda68ba27c339196b5b226785faea1dd4aecf1364e69b89ebf38,,0.0,0.0,,0.0,EUR,santander-e,,,,False,IE00B3CTFW21,,"GAM STAR CONTINENTAL EUR EQ ""I"" (EUR)",86f0e4535d0b3dae24e4355c94f97aecb218cc0f6d715e1fdaebecb7353f833a,F,,1.0
5d35ee0d1ae3dd556eea67a30a6c461ef73bd38a2ea8659dba72945756ab4751,,11498.02,320921.23,,310000.0,EUR,santander-e,,,,False,IE00B03HD316,,VANGUARD GLOBAL STOCK INDEX (EURHDG) ACC,86f0e4535d0b3dae24e4355c94f97aecb218cc0f6d715e1fdaebecb7353f833a,F,,1.0
8017522f18c553b40b36a6eb62f45f558576aa4ea92ab42379f7bdce255d55b4,,0.0,0.0,,0.0,EUR,santander-e,,,,False,IE0032876397,,"PIMCO GLB INV GRADE CREDIT ""I"" (EUR",86f0e4535d0b3dae24e4355c94f97aecb218cc0f6d715e1fdaebecb7353f833a,F,,1.0
d8029b2966e6d3a6c5d8e1f9144aef2f0ddcbcdbbc57ccea2393d89348a9334c,,0.0,0.0,,0.0,EUR,santander-e,,,,False,IE0008471009,,ISHARES CORE EURO STOXX 50,18fc8061b9cfcc255c2e8a4888a97ff8253b4c3f763d265fd8b598336c085951,ETF,,1.0
e86c14f41d6f00f60b81f94114717e52440a9350e14dfbf5ec78695810163a0a,,20550.0,177758.89,,,GBP,santander-e,,,,False,IE0005042456,,ISHARES CORE FTSE 100,18fc8061b9cfcc255c2e8a4888a97ff8253b4c3f763d265fd8b598336c085951,ETF,,1.15
eddc96262501f3cc1f6b26f032bdf19826bdd70cf1553830bf487bc73c97eff0,,0.0,0.0,,0.0,EUR,santander-e,,,,False,HERMESINTERNATIONALEUR,,HERMES INTERNATIONAL EUR,18fc8061b9cfcc255c2e8a4888a97ff8253b4c3f763d265fd8b598336c085951,VI,,1.0
569b2f6dc099d4126af307de598f78ef857a06e212f150107686e8fa0132975c,,0.0,0.0,,0.0,GBP,santander-e,,,,False,GB00B24CGK77,,RECKITT BENCKISER GROUP PLC,86f0e4535d0b3dae24e4355c94f97aecb218cc0f6d715e1fdaebecb7353f833a,VI,,1.15
aa94264f8f89931cffb09bfbd0f9fc1c42a26abf251f0afca7d885d06809d3a5,,0.0,0.0,,0.0,GBP,santander-e,,,,False,GB0009697037,,BABCOCK INTERNATIONAL GROUP,86f0e4535d0b3dae24e4355c94f97aecb218cc0f6d715e1fdaebecb7353f833a,VI,,1.15
1880a50a808103e739af46f98ee4aed907fbbfd157c1b8d84575783e32d10b41,,0.0,0.0,,0.0,EUR,santander-e,,,,False,FR0013459336,,L'OREAL PRIME DE FID EUR,18fc8061b9cfcc255c2e8a4888a97ff8253b4c3f763d265fd8b598336c085951,VI,,1.0
73ee0cdd0a5531e992284943966567a820db9b625d0bf34de0cff543ab136b09,,0.0,0.0,,0.0,EUR,santander-e,,,,False,FR0013304193,,"SG OBLIG CORPORATE 1- ""I2"" (EUR)",86f0e4535d0b3dae24e4355c94f97aecb218cc0f6d715e1fdaebecb7353f833a,F,,1.0
a5e830a96c944636e0e72e2f6c10586224ad30eaff33d1b1b4776a42355573db,,700000.0,708723.12,,,EUR,santander-e,,,,True,FR0011401751,,ELECTRICITE FRANCE PERPETUAL,18fc8061b9cfcc255c2e8a4888a97ff8253b4c3f763d265fd8b598336c085951,FI,,1.0
bc0cf5568bd8a34229a1b4fedd2b7fece74cf1e4b342159b8a2b77fb0b58b840,,3.47,132070.38,,139999.96,EUR,santander-e,,,,False,FR0011170786,,"OFI PRECIOUS METALS ""I"" (EUR)",86f0e4535d0b3dae24e4355c94f97aecb218cc0f6d715e1fdaebecb7353f833a,F,,1.0
9be3daedeeb605bdbd28eda0d4b200382cfed49c5c5bba162da90b378ee986f6,,0.0,0.0,,0.0,EUR,santander-e,,,,False,FR0011149590,,L'OREAL PRIME DE FIDELITE EUR,18fc8061b9cfcc255c2e8a4888a97ff8253b4c3f763d265fd8b598336c085951,VI,,1.0
5be46fa2589a0948b7a970c8d91f76c687d25e876d1eb8930ceee0ae5179ccf3,,0.0,0.0,,0.0,EUR,santander-e,,,,False,FR0010251744,,LYXOR UCITS ETF IBEX 35,86f0e4535d0b3dae24e4355c94f97aecb218cc0f6d715e1fdaebecb7353f833a,ETF,,1.0
54182937a0a3eb4bb193f92c1c2666926a95620f806d389b12af20b16c3c9be6,,0.0,0.0,,0.0,EUR,santander-e,,,,False,FR0000448870,,"SG OBLIG CORPORATE 1-3 ""I"" (EUR) AC",86f0e4535d0b3dae24e4355c94f97aecb218cc0f6d715e1fdaebecb7353f833a,F,,1.0
f2746e26e08843f317214dbebd995d7c16004645a7592833e8668793ba588969,,0.0,0.0,,0.0,EUR,santander-e,,,,False,FR0000133308,,ORANGE EUR,18fc8061b9cfcc255c2e8a4888a97ff8253b4c3f763d265fd8b598336c085951,VI,,1.0
2a9f0f4f555684103a2dbf3a71ac388d8ecf24dbcccd8ee6ae0f2752900067dc,,0.0,0.0,,0.0,EUR,santander-e,,,,False,FR0000131906,,RENAULT SA EUR,18fc8061b9cfcc255c2e8a4888a97ff8253b4c3f763d265fd8b598336c085951,VI,,1.0
1bde94e765cf7a804266080fb714edb0aa9d65ed17175d4356ae2c9a8a364acf,,0.0,0.0,,0.0,EUR,santander-e,,,,False,FR0000131906,,RENAULT SA,86f0e4535d0b3dae24e4355c94f97aecb218cc0f6d715e1fdaebecb7353f833a,VI,,1.0
5ff3591f6dfc40f71974d528a1546070d6d952ce9f653b92c171a5ef1e1bafe9,,0.0,0.0,,0.0,EUR,santander-e,,,,False,FR0000131104,,BNP PARIBAS,86f0e4535d0b3dae24e4355c94f97aecb218cc0f6d715e1fdaebecb7353f833a,VI,,1.0
7daa9b14b557f9a0c3c5c9370527705619dfe80e5ef7956a56be8ce37948f324,,0.0,0.0,,0.0,EUR,santander-e,,,,False,FR0000130650,,DASSAULT SYSTEMES SA,86f0e4535d0b3dae24e4355c94f97aecb218cc0f6d715e1fdaebecb7353f833a,O,,1.0
26cc69386d96fa92ade4aa82c75650195160b036fe60c498d94e30a0b7c11c79,,0.0,0.0,,0.0,EUR,santander-e,,,,False,FR0000121014,,LVMH MOET HENNESSY LOUI EUR,18fc8061b9cfcc255c2e8a4888a97ff8253b4c3f763d265fd8b598336c085951,VI,,1.0
d4b2ca1911f8e874ed208e3b4cdf5e5fe4a4da31783b5e980242a8b922de626c,,0.0,0.0,,0.0,EUR,santander-e,,,,False,FR0000120404,,ACCOR SA EUR,18fc8061b9cfcc255c2e8a4888a97ff8253b4c3f763d265fd8b598336c085951,VI,,1.0
64e456226a5ba9ebe3c6b6cba9bdf406d9ec2e7cc74eedc9bcbefd6102681e9e,,1000.0,400350.0,,,EUR,santander-e,,,,False,FR0000120321,,L'OREAL PRIME DE FIDELITE EUR,18fc8061b9cfcc255c2e8a4888a97ff8253b4c3f763d265fd8b598336c085951,VI,,1.0
ec215ea9ac2da53e64fbdf911e52d9f9832b4cff57078f169661c4132743282c,,0.0,0.0,,0.0,EUR,santander-e,,,,False,FR0000120271,,TOTAL SA EUR,18fc8061b9cfcc255c2e8a4888a97ff8253b4c3f763d265fd8b598336c085951,VI,,1.0
46b288a2dd0b2486f3989fbac19ab710785513f3c4029a3e85de398392199739,,125.0,230700.0,,,EUR,santander-e,,,,False,FR0000052292,,HERMES INTERNATIONAL EUR,18fc8061b9cfcc255c2e8a4888a97ff8253b4c3f763d265fd8b598336c085951,VI,,1.0
871ca203ffc0c8488a250079c21591c0dbc88f080390f4ad3f75ffdc6fa1f9df,,0.0,0.0,,0.0,EUR,santander-e,,,,False,FONDOSDEINVERSION,,FONDOS DE INVERSION,e9af21157cd9b05218bd0d1a9c7e8e5ec3843fd48acb4d761931b878d2d521c4,F,,1.0
abd542278f29b09e7dc367f993bc41d7eb02f1cc7c992acfce520098a0d37ee5,,0.0,0.0,,0.0,EUR,santander-e,,,,False,ES0L02302104,,TESORO VTO 100223,18fc8061b9cfcc255c2e8a4888a97ff8253b4c3f763d265fd8b598336c085951,O,,1.0
fd2c3b5bbf120e305777eee626cb57b32f5338e15225d2d1f27aef7636b45dac,,400000.0,413480.0,,,EUR,santander-e,,,,True,ES0840609012,,CAIXABANK SUBORDINADOS PERP,18fc8061b9cfcc255c2e8a4888a97ff8253b4c3f763d265fd8b598336c085951,FI,,1.0
0d5c959b7269dbbcef340ba44c4bfb8478e03fe026e110777861988287505859,,0.0,0.0,,0.0,EUR,santander-e,,,,False,ES0157097017,,"ALMIRALL, S.A.",86f0e4535d0b3dae24e4355c94f97aecb218cc0f6d715e1fdaebecb7353f833a,VI,,1.0
3dedb3da22e02a94b8cb6e89317fb883a3893a710bc81b0f515bb3164dd82055,,9537.0,340661.64,,,EUR,santander-e,,,,False,ES0148396007,,"INDUSTRIA DE DISEÑO TEXTIL,SA",18fc8061b9cfcc255c2e8a4888a97ff8253b4c3f763d265fd8b598336c085951,VI,,1.0
da93983b7568b41b806b508fa263d3947da0b1d8e1cd29157af75a67fbcad6c1,,0.0,0.0,,0.0,DKK,santander-e,,,,False,DK0060534915,,NOVO NORDISK A/S DKK,18fc8061b9cfcc255c2e8a4888a97ff8253b4c3f763d265fd8b598336c085951,VI,,0.13
174d48104fa13c3fa4aae9630a1792ed364c5e1110955c79637e578d677841bc,,0.0,0.0,,0.0,EUR,santander-e,,,,False,DE000BAY0017,,BAYER AG,86f0e4535d0b3dae24e4355c94f97aecb218cc0f6d715e1fdaebecb7353f833a,VI,,1.0
418a09e02ec0549afc5e5a8ec995330cfa0a7a65d3c11f411496563b47ce4ea0,,0.0,0.0,,0.0,EUR,santander-e,,,,False,DE000A0Q4R28,,ISHARES STOXX  EUROPE ETF,86f0e4535d0b3dae24e4355c94f97aecb218cc0f6d715e1fdaebecb7353f833a,ETF,,1.0
c73f2d20c3d60712bbba5b0b799939c40ee8c6a79b892d32d719dba647a4d3ae,,3000.0,377460.0,,,EUR,santander-e,,,,False,DE0007164600,,SAP SE EUR,18fc8061b9cfcc255c2e8a4888a97ff8253b4c3f763d265fd8b598336c085951,VI,,1.0
d98d65990cdb650fe5dd5dd3cddbb7ae15fb540ed4c88b6daddd06f63285514c,,0.0,0.0,,0.0,EUR,santander-e,,,,False,DE0007100000,,DAIMLER AG.,86f0e4535d0b3dae24e4355c94f97aecb218cc0f6d715e1fdaebecb7353f833a,VI,,1.0
5c951336508049ca6d959eef653488abc16526498c4d9e7b89fba1d2e9e58be9,,0.0,0.0,,0.0,EUR,santander-e,,,,False,DE0006289309,,ISHARES EST BANKS DE ETF,86f0e4535d0b3dae24e4355c94f97aecb218cc0f6d715e1fdaebecb7353f833a,ETF,,1.0
7e227fdb64ffb6642479782db8c13bc3d45969f8aa62f6abb6a38e2e358bb95f,,8935.0,1116672.0,,,CHF,santander-e,,,,False,DE0005933964,,ISHARES SU UCITS ETF DE,18fc8061b9cfcc255c2e8a4888a97ff8253b4c3f763d265fd8b598336c085951,ETF,,1.04
3da70ec1dfdaf281760c6d54142d95d07595ccfb67ae8726f4ea2177101be0e1,,0.0,0.0,,0.0,EUR,santander-e,,,,False,DE0005933931,,ISHARES CORE DAX UCITS ETF,18fc8061b9cfcc255c2e8a4888a97ff8253b4c3f763d265fd8b598336c085951,ETF,,1.0
1b650c391369f8d478ee0aec6a51059533daf38e2fa9b43de2c3328f1a42d19e,,0.0,0.0,,0.0,EUR,santander-e,,,,False,DE0005785604,,FRESENIUS SE & CO KGAA,86f0e4535d0b3dae24e4355c94f97aecb218cc0f6d715e1fdaebecb7353f833a,VI,,1.0
13d67dfa2a3a3ae2a38f9abbaffa6bb5c6250e7ba3a5502cbedc308f48c98191,,0.0,0.0,,0.0,CHF,santander-e,,,,False,CH0454664027,,21SHARES ETHEREUM SINGLE EUR,18fc8061b9cfcc255c2e8a4888a97ff8253b4c3f763d265fd8b598336c085951,ETF,,1.04
a3d757281badb44a2ebb7e1cb47deb738ab65d914b238c949e14509bc4078920,,0.0,0.0,,0.0,CHF,santander-e,,,,False,CH0454664001,,21SHARES BITCOIN SINGLE EUR,18fc8061b9cfcc255c2e8a4888a97ff8253b4c3f763d265fd8b598336c085951,ETF,,1.04
898958c049725bee6f9da3a41788472eee9b353505d50646fbdf36b9e5252b3e,,2100.0,114586.53,,,USD,santander-e,,,,False,CA82509L1076,,SHOPIFY INC,18fc8061b9cfcc255c2e8a4888a97ff8253b4c3f763d265fd8b598336c085951,VI,,0.94
f4cc6821e63c264df09362b1322fd0f4054749348aeeee331b79ba07edcadbd7,,0.0,0.0,,0.0,EUR,santander-e,,,,False,BE0974293251,,ANHEUSER BUSCH INBEV EUR,18fc8061b9cfcc255c2e8a4888a97ff8253b4c3f763d265fd8b598336c085951,VI,,1.0
c5ad237ca0f15920bcbed55543969033f1348231087beb9141e07d2f96d9da7b,,2000000.0,2000000.0,,,EUR,santander-e,,,,False,BBVA020151,,BBVA 020151,18fc8061b9cfcc255c2e8a4888a97ff8253b4c3f763d265fd8b598336c085951,O,,1.0
bcca885f32681ed9da0a4592683c5c56976e232f1d15ebe4d53bdd33457143a3,,210.0,355966.91,,,DKK,santander-e,,,,False,APMOLLER-MAERSKA.SDKK,,AP MOLLER-MAERSK A.S DKK,18fc8061b9cfcc255c2e8a4888a97ff8253b4c3f763d265fd8b598336c085951,VI,,0.13
fab9439f19c157ef11d5cabbdc6a032593ef2e8fab4e22da1c79c7e352d378a3,,600000.0,603594.05,6320.95,597273.1,EUR,caixabank,,2023-06-21,,True,XS2638924709,,DSU BBVA BILBAO-VIZCAYA ARGEN,04928a7c874adf587065b9aa66a14b67d0dd76d384dfa599611244ad0b75a03d,FI,2023-09-20,1.0
b2bda026133c909f9ff19f12c00a3e397af75454c696d5ab7d10767b7951d53c,,1500000.0,1451784.22,-30016.63,1481800.85,EUR,caixabank,,2023-02-14,,True,XS2486589596,,"OBL HSBC HOLDINGS PLC 3,019% 1",6c4b69b69137a98e47208f798a7261f55dab34cc7c0e786980ec1108a454de06,FI,2023-09-20,1.0
755ab057be7c953b15072f4454737aa035c6bacf2a6373c70ef75b04d76b2f45,,600000.0,521172.55,-78827.45,600000.0,EUR,caixabank,,2020-11-13,,True,XS1693822634,,"DSU ABN AMRO BANK NV 4,750% 31",04928a7c874adf587065b9aa66a14b67d0dd76d384dfa599611244ad0b75a03d,FI,2023-09-20,1.0
014d97f1e69d325386e2d83033a2f499e78322016274e721344d1242bb5c8c8d,,1000000.0,999626.36,369.29,999257.07,EUR,caixabank,,2020-06-09,,True,XS1692931121,,PRF BANCO SANTANDER,04928a7c874adf587065b9aa66a14b67d0dd76d384dfa599611244ad0b75a03d,FI,2023-09-20,1.0
35031eabfcbbcc383bcf567c0d29b03000ec5317bf6faa634b091f014c662b7c,,0.0,0.0,,0.0,EUR,caixabank,,,,True,XS1394911496,,"Deuda Subordinada BBVA BILBAO-VIZCAYA ARGEN 8,875% 31-12-99",04928a7c874adf587065b9aa66a14b67d0dd76d384dfa599611244ad0b75a03d,FI,,1.0
2fdac87bc15128ebbc5530747ea23bfa29295c5d1a9980d2619105dd18abeb5b,,0.0,0.0,,0.0,EUR,caixabank,,,,True,XS1111123987,,"Deuda Subordinada HSBC HOLDINGS PLC 5,250% 31-12-99",04928a7c874adf587065b9aa66a14b67d0dd76d384dfa599611244ad0b75a03d,FI,,1.0
808d9c8e2552778826bb9ff8646666e561d8dd7fb28d56b6f9708a51b6ddf2fe,,0.0,0.0,,0.0,EUR,caixabank,,,,True,XS1107291541,,"Deuda Subordinada BANCO SANTANDER 6,250% 31-12-99",04928a7c874adf587065b9aa66a14b67d0dd76d384dfa599611244ad0b75a03d,FI,,1.0
580ac2543ca1c0442b3934ed639de23a8fc54d830a35884fa91248f1ed84a0d0,,0.0,0.0,-20568.21,0.0,GBP,caixabank,,,,True,XS1043552188,,DSU LLOYDS BANKING GROUP PLC 7,6c4b69b69137a98e47208f798a7261f55dab34cc7c0e786980ec1108a454de06,FI,,1.15
e45818dc168cc833bba71598d85e61b3d8356394306e0b98061f4b03c04cbc1c,,597000.0,598067.63,-1720.94,599788.57,GBP,caixabank,,2023-07-21,,True,XS0260056717,,"DSU AXA SA 6,686% 31-12-99",6c4b69b69137a98e47208f798a7261f55dab34cc7c0e786980ec1108a454de06,FI,2023-09-20,1.15
b8d38667e93ea3069f0606e1a4c882fcf77d6183b0855efb42b8f2f5d3af6664,,0.0,0.0,,0.0,EUR,caixabank,,,,False,US78462F1030,ARCX,ETF SPDR S&P 500 ETF TRUST,6c4b69b69137a98e47208f798a7261f55dab34cc7c0e786980ec1108a454de06,ETF,,1.0
10eb55b04887ce1888c590e5890fb73e654b51cdddd77ac5b5202cdca8bb818e,,0.0,0.0,,0.0,EUR,caixabank,,,,False,US5949181045,XNAS,Acciones MICROSOFT *NDQ*,6c4b69b69137a98e47208f798a7261f55dab34cc7c0e786980ec1108a454de06,VI,,1.0
fad7c452bb5c89b3942bf0f1f8c3e185249bfea6768da92d34799b15afb4a52b,,0.0,0.0,,0.0,EUR,caixabank,,,,False,US5719032022,XNAS,Acciones MARRIOT INTERNATIONAL *NASDAQ*,04928a7c874adf587065b9aa66a14b67d0dd76d384dfa599611244ad0b75a03d,VI,,1.0
10049f3a58584a6f9b0d3e9113bccb4fe75a0cff4bacf6e9d4b1d2fb0151f7d4,,0.0,0.0,2505.06,0.0,USD,caixabank,,,,False,US46434G8226,,ETF ISH MSCI JAPAN ETF,04928a7c874adf587065b9aa66a14b67d0dd76d384dfa599611244ad0b75a03d,ETF,,0.94
92b246228fe6b7c4b9c6d39c7c63e5b0caaf8e0cd9f8145249c74fd535bf3a7a,,0.0,0.0,-25252.08,0.0,USD,caixabank,,,,False,US46434G2021,,ETF ISHARES MSCI COLOMBIA CAPP,04928a7c874adf587065b9aa66a14b67d0dd76d384dfa599611244ad0b75a03d,ETF,,0.94
2a5f46daa830233b3d1ca06b00ad1fb98a7521f3cbf677451a8324f2dd2bbca0,,0.0,0.0,39755.1,0.0,USD,caixabank,,,,False,US46428R1077,,ETF ISHS&P GSCI COM,04928a7c874adf587065b9aa66a14b67d0dd76d384dfa599611244ad0b75a03d,ETF,,0.94
c9baeecc6766114b5b0d32fdb8fea3feff5bc39ba1658f75e2f00d7071c8bbcd,,0.0,0.0,,0.0,USD,caixabank,,,,False,US46428Q1094,,ETF ISHARES SILVER TRUST,04928a7c874adf587065b9aa66a14b67d0dd76d384dfa599611244ad0b75a03d,ETF,,0.94
6e3b0ad88c6ddd393e2849b4e7e4d7d547f972abcf2815648beb2a1d00a3b48a,,0.0,0.0,-23906.42,0.0,USD,caixabank,,,,False,US4642886877,,ETF ISHARES PREFERRED AND INC,04928a7c874adf587065b9aa66a14b67d0dd76d384dfa599611244ad0b75a03d,ETF,,0.94
08efef50ca3a70a1bdb9cea5814e154d343dfe078d8734c55952a86179b47f19,,0.0,0.0,32713.81,0.0,USD,caixabank,,,,False,US4642868222,,ETF ISHARES MSCI MEXICO CAPPE,04928a7c874adf587065b9aa66a14b67d0dd76d384dfa599611244ad0b75a03d,ETF,,0.94
353225a8dc049fa2013b8d5b93390257f4e64a8155bd6443bb4df7784977ecbc,,0.0,0.0,-82147.42,0.0,USD,caixabank,,,,False,US4642866408,,ETF ISHARES MSCI CHILE CAPPED,04928a7c874adf587065b9aa66a14b67d0dd76d384dfa599611244ad0b75a03d,ETF,,0.94
d59fadd8aa67332edd90345907b0f9d8417c624b30d16c05ed37e656997a7a41,,0.0,0.0,-39983.89,0.0,USD,caixabank,,,,False,US4642864007,,ETF ISH MSCI BRAZIL ETF,04928a7c874adf587065b9aa66a14b67d0dd76d384dfa599611244ad0b75a03d,ETF,,0.94
b51f73df912b3433ff2d02e0f3265cb15744bf7c7e0b50cc0760cc6267d7a3fd,,0.0,0.0,32057.26,0.0,USD,caixabank,,,,False,US4642852044,,ETF ETF ISHARES GOLD TRUST *AR,04928a7c874adf587065b9aa66a14b67d0dd76d384dfa599611244ad0b75a03d,ETF,,0.94
1988585bda14494746f7ac55398ff96a2816ccf683e1a5a27834bf06fbdb23ec,,0.0,0.0,,0.0,EUR,caixabank,,,,False,US4642851053,,ETF ISHARES GOLD TRUST,04928a7c874adf587065b9aa66a14b67d0dd76d384dfa599611244ad0b75a03d,ETF,,1.0
da3d984d5e135fb1f30550c75ddfdb68ad06ab821e0e9cba5af3b41369c7a0c3,,0.0,0.0,-415.93,0.0,USD,caixabank,,,,False,US33734X8469,,ETF FIRST TRUST NASDAQ CYBERS,04928a7c874adf587065b9aa66a14b67d0dd76d384dfa599611244ad0b75a03d,ETF,,0.94
22b8fd754b31df6abcba3588d6068cbafac02a8f8bf8569da3fef7e0e3c4231f,,5975.0,347625.5,-28022.75,375648.25,USD,caixabank,,2023-05-18,,False,US1912161007,,ACC COCA COLA CO. *NYSE*,6c4b69b69137a98e47208f798a7261f55dab34cc7c0e786980ec1108a454de06,VI,2023-09-20,0.94
6850d94d74e61c0f819c38d38f9bac2ad102611f144d19c831c15f1ae93d8159,,70.0,134726.9,-15773.1,150500.0,USD,caixabank,,2023-07-18,,False,US1696561059,,ACC CHIPOTLE MEXICAN GRILL IN,928f2bb118757dc8b178487af2315f46c7d7328f8b6e7b4fc8b3a13f9a35e1e3,VI,2023-09-20,0.94
4058bb3738737ff4337f10116b8740d292e54f79fd813e60d1ef3d766b46ba96,,2500.0,197750.0,75250.0,122500.0,USD,caixabank,,2020-11-19,,False,US0394831020,,ACC ARCHER DANIELS MIDLAND,6c4b69b69137a98e47208f798a7261f55dab34cc7c0e786980ec1108a454de06,VI,2023-09-20,0.94
626e86ae1ec05381da57a5a70d785905198e3968b67c56ca5c6be216dd4bf7db,,0.0,0.0,,0.0,EUR,caixabank,,,,False,US0231351067,XNAS,Acciones AMAZON.COM INC *NDQ*,6c4b69b69137a98e47208f798a7261f55dab34cc7c0e786980ec1108a454de06,VI,,1.0
c51fee259cef28f123fbb89f289774c454645d3db8bc80e59f8566986f5da77a,,0.0,0.0,,0.0,EUR,caixabank,,,,False,US02079K1079,XNAS,Acciones ALPHABET INC CLASE C,6c4b69b69137a98e47208f798a7261f55dab34cc7c0e786980ec1108a454de06,VI,,1.0
0913292d1e247343d6ea9d26943380404975656db32a5344df445b00d15e227d,,0.0,0.0,44090.0,0.0,USD,caixabank,,,,False,US0090661010,,ACC AIRBNB,928f2bb118757dc8b178487af2315f46c7d7328f8b6e7b4fc8b3a13f9a35e1e3,VI,,0.94
29e55ca6cab0e3cbf1d210929854f1317a378caf4d5bd9c141fdec73fed474e4,,0.0,0.0,,0.0,EUR,caixabank,,,,True,,,,6c4b69b69137a98e47208f798a7261f55dab34cc7c0e786980ec1108a454de06,FI,,1.0
eb9647abac500a5bcf29720486ea645857bcb8d79d5e7636e3aa169302c6480d,,0.0,0.0,3646.56,0.0,EUR,caixabank,,,,False,LU2099033859,,"BGF WORLD MINING ""S2"" (EURHDG)",a32ee7ec6b27f96d5ed50ddeaa0ea27ec6fd62c95609ebd9c10b18ef444e33d2,F,,1.0
ac35c6df6e9691327be741b3494b45932ad8a0d7b40830310516e2a77ee22218,,0.0,0.0,-859559.65,0.0,USD,caixabank,,,,False,LU1997245508,,"ALLIANZ CHINA A-SHARE ""RT"" (USD) A",d966d17e24f958a45054d05a98b78f6be39ccae29086f217e2b24b2de327faaa,F,,0.94
db1fccd1255f5307f1d4b160fe3cb9e2a9c514ecb06452682c46ee5d0c582268,,0.0,0.0,-67832.33822548353,0.0,USD,caixabank,,,,False,LU1997245508,,"ALLIANZ CHINA A-SHARE ""RT"" (USD) A",a32ee7ec6b27f96d5ed50ddeaa0ea27ec6fd62c95609ebd9c10b18ef444e33d2,F,,0.94
6aac05fe79facbd5a73d36ba937672ef4ab0b96fd67a57e504ffd88b4f9698ce,,0.0,0.0,19437.06,0.0,EUR,caixabank,,,,False,LU1706559587,,"BSF EUROPEAN ABSOLUTE ""S2"" (EUR)",a32ee7ec6b27f96d5ed50ddeaa0ea27ec6fd62c95609ebd9c10b18ef444e33d2,F,,1.0
8e9e7042698546ca663de3c10211f618caeef7ac3134ab487bbb9fa911de9a75,,0.0,0.0,-278726.93,0.0,USD,caixabank,,,,False,LU1700711408,,"ROBECO FINTECH ""F"" (USD)",a32ee7ec6b27f96d5ed50ddeaa0ea27ec6fd62c95609ebd9c10b18ef444e33d2,F,,0.94
e7fb5b931fa424dca7829a85190a2b5c89a55dffa84807fc5746e30592ff034b,,0.0,0.0,0.0,0.0,EUR,caixabank,,,,False,LU1587985224,,"BELLEVUE ASIA PACIFIC ""I"" (EUR)",a32ee7ec6b27f96d5ed50ddeaa0ea27ec6fd62c95609ebd9c10b18ef444e33d2,F,,1.0
1e7ce93893d8b7368f15ab8acecc3677658542abed4831c63db20e0251dcf742,,0.0,0.0,0.0,0.0,EUR,caixabank,,,,False,LU0434580865,,"PICTET TIMBER ""HI"" (EURHDG)",a32ee7ec6b27f96d5ed50ddeaa0ea27ec6fd62c95609ebd9c10b18ef444e33d2,F,,1.0
fa01d16b77603ec5593db634651c056e87dc58bfc0cce511aef103130a5ecbad,,0.0,0.0,3071.67,0.0,EUR,caixabank,,,,False,LU0415391514,,"BELLEVUE MEDTECH & SE ""I"" (EUR)",a32ee7ec6b27f96d5ed50ddeaa0ea27ec6fd62c95609ebd9c10b18ef444e33d2,F,,1.0
3d0fd3fbcaac0175a7c1460efa7482abf2e1ddda3443b763d02afdaa4ca09625,,0.0,0.0,-9836.27,0.0,USD,caixabank,,,,False,IE00BZCQB185,,ETF ISHARES MSCI INDIA UCITS *,04928a7c874adf587065b9aa66a14b67d0dd76d384dfa599611244ad0b75a03d,ETF,,0.94
4ad61538ae3844b14d32233bc1035f69b34c8de33ef0ca9467488d916b11c36a,,0.0,0.0,20649.96,0.0,USD,caixabank,,,,False,IE00BYZK4883,,ETF ISHARES DIGITALISATION *LO,04928a7c874adf587065b9aa66a14b67d0dd76d384dfa599611244ad0b75a03d,ETF,,0.94
5614da7f141e00649dd25d21137b912867cfe8b2962b404b2351e9649c318ca6,,0.0,0.0,37214.0,0.0,EUR,caixabank,,,,False,IE00BYZK4552,,ETF ISHARES AUTOMATION & ROBO,04928a7c874adf587065b9aa66a14b67d0dd76d384dfa599611244ad0b75a03d,ETF,,1.0
6203b842179f3e5410195c8b35761fe680f4d51980d049028f1844bbffe4f46b,,0.0,0.0,0.0,0.0,EUR,caixabank,,,,False,IE00BYQDND46,,"PIMCO DYNAMIC MULTI-ASSET ""I"" (EUR)",a32ee7ec6b27f96d5ed50ddeaa0ea27ec6fd62c95609ebd9c10b18ef444e33d2,F,,1.0
94667ed9c118409fcfd1e2329388756d38bcb674efdd859ad553e891c7875aa2,,0.0,0.0,58895.82,0.0,USD,caixabank,,,,False,IE00BYPC7R45,,"UTI INDIA DYNAMIC EQUITY ""I"" (USD)",d966d17e24f958a45054d05a98b78f6be39ccae29086f217e2b24b2de327faaa,F,,0.94
7893401a3129884f8b3674b71e13e3d9e2201d08991006ad17e007d911929685,,0.0,0.0,209614.8163893543,0.0,USD,caixabank,,,,False,IE00BYPC7R45,,"UTI INDIA DYNAMIC EQUITY ""I"" (USD)",a32ee7ec6b27f96d5ed50ddeaa0ea27ec6fd62c95609ebd9c10b18ef444e33d2,F,,0.94
cba99e4f1e3769077cc30adc36da8ca821a40ba3cefcdf3ed84d5256a1515768,,0.0,0.0,-100198.64,0.0,EUR,caixabank,,,,False,IE00BSKRJZ44,,ETF iShares $ Treas Bond 20+,04928a7c874adf587065b9aa66a14b67d0dd76d384dfa599611244ad0b75a03d,ETF,,1.0
fa2c2ee799111ca9fd72af3440eef80a006d68e06034f3b34f757a4791c0391b,,10500.0,476595.0,1785.0,474810.0,EUR,caixabank,,2023-01-26,,False,IE00BM67HK77,,ETF XTRA MSCI HLTHC *XETRA*,928f2bb118757dc8b178487af2315f46c7d7328f8b6e7b4fc8b3a13f9a35e1e3,ETF,2023-09-20,1.0
0f0eb46887e3157bfee7eaec0cb8e89a2858649c6d3b27acdcfefe087f74ed64,,0.0,0.0,-9292.5,0.0,EUR,caixabank,,,,False,IE00BM67HK77,,ETF XTRA MSCI HLTHC *XETRA*,6c4b69b69137a98e47208f798a7261f55dab34cc7c0e786980ec1108a454de06,ETF,,1.0
00e86cff986b0fc5426e090bb65effaad47e298f032664219cdc0ccfb20c2000,,0.0,0.0,-6021.45,0.0,USD,caixabank,,,,False,IE00BDFL4P12,,ETF ISH DIV CMD SWAP *LONDRES*,04928a7c874adf587065b9aa66a14b67d0dd76d384dfa599611244ad0b75a03d,ETF,,0.94
7fd851e9466a5b1c4c3d76bd446f6b99637de87cc14bf1536c1952c567c38612,,5597.0,358180.01,-128261.27,486441.28,EUR,caixabank,,2021-05-19,,False,IE00B9M6RS56,,ETF ISHARES JPM USD EM BOND EU,04928a7c874adf587065b9aa66a14b67d0dd76d384dfa599611244ad0b75a03d,ETF,2023-09-20,1.0
30aad0dd82d9d0c76b9d4665ef5d137d39c9c8e71b3d545b1e107710853f1d53,,0.0,0.0,,0.0,EUR,caixabank,,,,False,IE00B9M6RS56,XLON,ETF ISHARES JPM USD EM BOND EUR HEDGED,6c4b69b69137a98e47208f798a7261f55dab34cc7c0e786980ec1108a454de06,ETF,,1.0
f2e80449234118618a120bbfbc865ba2840a702a596c682ae960400a2babde68,,0.0,0.0,-78175.9,0.0,USD,caixabank,,,,False,IE00B6TLBW47,,ETF ISHARES JPM USD EM CORP B,04928a7c874adf587065b9aa66a14b67d0dd76d384dfa599611244ad0b75a03d,ETF,,0.94
585e305328eba4883dba7c6bd469cb7d3956bbd49b5a348756b743bc608a40e3,,0.0,0.0,-31172.96,0.0,USD,caixabank,,,,False,IE00B6QGFW01,,ETF ISHARES EM ASIA LOCAL GOV,04928a7c874adf587065b9aa66a14b67d0dd76d384dfa599611244ad0b75a03d,ETF,,0.94
a4314e6491467603182bc60b1d6dd2f0cdd79b5b04896532fd4a29599ef017c6,,0.0,0.0,-11533.22,0.0,EUR,caixabank,,,,False,IE00B66F4759,,ETF ISHARES EURO HIGH YIELD C,04928a7c874adf587065b9aa66a14b67d0dd76d384dfa599611244ad0b75a03d,ETF,,1.0
b6eee5a8ad21c944919b7140d57e770f17655a529f6199b92a134a1343090bf3,,0.0,0.0,,0.0,EUR,caixabank,,,,False,IE00B5V87390,,ETF ISHARES MSCI RUSSIA ADR/G,04928a7c874adf587065b9aa66a14b67d0dd76d384dfa599611244ad0b75a03d,ETF,,1.0
8ce285287fa9e0f74e99dd5bfaa0db5aa5f39a9c64bba371d57dc00fd1917c24,,11575.0,5354363.5,798996.22,4555367.28,USD,caixabank,,2018-11-20,,False,IE00B5BMR087,,ETF ISHARES CORE S&P 500 UCIT,04928a7c874adf587065b9aa66a14b67d0dd76d384dfa599611244ad0b75a03d,ETF,2023-09-20,0.94
2aa3892bf2477b906c393831e05dc9ff623f2abf8be8d57d4c144eb53a82ab18,,0.0,0.0,74881.69,0.0,GBP,caixabank,,,,False,IE00B53HP851,,ETF ISHARES VII PLC - ISHARES,04928a7c874adf587065b9aa66a14b67d0dd76d384dfa599611244ad0b75a03d,ETF,,1.15
74a60501ed624d8efe85da99eb64ffc5f4c2122386c34371e47ce6842571258a,,2100.0,300426.0,9560.48,290865.52,GBP,caixabank,,2023-05-31,,False,IE00B53HP851,,ETF ISHARES VII PLC - ISHARES,6c4b69b69137a98e47208f798a7261f55dab34cc7c0e786980ec1108a454de06,ETF,2023-09-20,1.15
fdfbe9e652eb00e7cf69276a81d209ddac650136e6e80289d1899f397eb02c6e,,3097.0,72121.39,-2887.24,75008.63,GBP,caixabank,,2018-11-21,,False,IE00B52XQP83,,ETF ISHARES MSCI SOUTH AFRICA,04928a7c874adf587065b9aa66a14b67d0dd76d384dfa599611244ad0b75a03d,ETF,2023-09-20,1.15
0cc999ef3194bd96daceeeb91a737a879279613eb5b0f97287648a6dcc33ff40,,1257.0,202439.85,63002.87,139436.98,EUR,caixabank,,2018-11-20,,False,IE00B52SF786,,ETF ISHARES MSCI CANADA UCITS,04928a7c874adf587065b9aa66a14b67d0dd76d384dfa599611244ad0b75a03d,ETF,2023-09-20,1.0
a8bef207222a16eb22192956be1949321f98823d8922e2fc41a1e7739392ac2f,,0.0,0.0,-10978.39,0.0,EUR,caixabank,,,,False,IE00B4WXJJ64,,ETF ISHARES III PLC - ISHARES,04928a7c874adf587065b9aa66a14b67d0dd76d384dfa599611244ad0b75a03d,ETF,,1.0
f34553f8b6de206cf9cfb2c7db0ef4242f1027cdb3cbab99c1117c01188c861e,,7405.0,300643.0,-19739.51,320382.51,USD,caixabank,,2018-11-20,,False,IE00B4WXJD03,,ETF ISHARES MSCI PACIFIC EX-JA,04928a7c874adf587065b9aa66a14b67d0dd76d384dfa599611244ad0b75a03d,ETF,2023-09-20,0.94
2244170681280c00bd89977456c342e7e350f92dfb0edecddf1d8c440b0aec61,,0.0,0.0,-13077.34,0.0,USD,caixabank,,,,False,IE00B4PY7Y77,,ETF ISHARES USD HIGH YIELD COR,04928a7c874adf587065b9aa66a14b67d0dd76d384dfa599611244ad0b75a03d,ETF,,0.94
7a5ed001f006efe029272c3360ede535f873777b4c76ebf62777a786e5d5ae9a,,0.0,0.0,-49030.3,0.0,EUR,caixabank,,,,False,IE00B3F81R35,,ETF ISHARES III PLC - ISHARES,04928a7c874adf587065b9aa66a14b67d0dd76d384dfa599611244ad0b75a03d,ETF,,1.0
31e7b5241bbe97df428bed5040add2117ba6fd84a6067af6c7085ccd18277c70,,6827.0,104268.77,942.26,103326.51,EUR,caixabank,,2018-11-21,,False,IE00B27YCK28,,ETF ISHARES MSCI EM LATIN AME,04928a7c874adf587065b9aa66a14b67d0dd76d384dfa599611244ad0b75a03d,ETF,2023-09-20,1.0
d116b610a517d155aedd9147aaeda586b027670b414c94ffb715e9f52599c1c3,,2460.0,132520.2,34920.9,97599.3,EUR,caixabank,,2018-11-21,,False,IE00B1TXK627,,ETF ISHARES GLOBAL WATER UCIT,04928a7c874adf587065b9aa66a14b67d0dd76d384dfa599611244ad0b75a03d,ETF,2023-09-20,1.0
20b3445b17c9aca4b73bbbdeea127504511cb80ea5e3b5a91837188c48fdb923,,3398.0,89741.18,-6275.16,96016.34,USD,caixabank,,2018-11-21,,False,IE00B1FZSF77,,ETF ISHARES US PROPERTY YIELD,04928a7c874adf587065b9aa66a14b67d0dd76d384dfa599611244ad0b75a03d,ETF,2023-09-20,0.94
1da20003621901d4b7943b3e36ec36da28ccbbf1f952ad5c05a54a431dc174eb,,4627.0,94552.74,-35187.23,129739.97,USD,caixabank,,2021-05-21,,False,IE00B1FZS244,,ETF ISHARES ASIA PROPERTY YIE,04928a7c874adf587065b9aa66a14b67d0dd76d384dfa599611244ad0b75a03d,ETF,2023-09-20,0.94
350405065232cae30bd29567d0882fcc6e9b594d676768d3e4f4fb1b39d076f7,,0.0,0.0,,0.0,EUR,caixabank,,,,False,IE00B0M63953,,ETF ISHARES MSCI EASTERNEUROP,04928a7c874adf587065b9aa66a14b67d0dd76d384dfa599611244ad0b75a03d,ETF,,1.0
74c017ed5ce85fec9ad1d5401b30fe8163c8f02b1b94c9a3f85d59ea11f1d8f7,,0.0,0.0,-99263.05,0.0,EUR,caixabank,,,,False,IE00B0M63284,,ETF ISHARES EUROPEAN PROPERTY,04928a7c874adf587065b9aa66a14b67d0dd76d384dfa599611244ad0b75a03d,ETF,,1.0
36b30eef90b5096b008041b2483c10b433e39eaa268d8851f12d0d11f5d16179,,0.0,0.0,-106395.44,0.0,EUR,caixabank,,,,False,IE00B02KXK85,,ETF ISHARES CHINA LARGE CAP U,04928a7c874adf587065b9aa66a14b67d0dd76d384dfa599611244ad0b75a03d,ETF,,1.0
c32ef1e0bf4d9812774b1a80f38d4e4406fa1157ad417ac9b862bac3ec16df59,,7401.0,725668.05,-142228.81,867896.86,USD,caixabank,,2018-11-20,,False,IE0032895942,,ETF ISHARES $ CORPORATE BOND,04928a7c874adf587065b9aa66a14b67d0dd76d384dfa599611244ad0b75a03d,ETF,2023-09-20,0.94
4773f8eb83d9eb41b3c61339f1a9ec3d8e78bed5c68c57ea3f9766809ee373a4,,0.0,0.0,423479.15,0.0,EUR,caixabank,,,,False,IE0008471009,,ETF ISHARES CORE EURO STOXX 5,04928a7c874adf587065b9aa66a14b67d0dd76d384dfa599611244ad0b75a03d,ETF,,1.0
76b7f1a4b8b3832e918603ffa522845f2b419272d47bdcd2f88dda4eb981a571,,0.0,0.0,,0.0,EUR,caixabank,,,,False,IE0005042456,XLON,ETF ISHARES CORE FTSE 100 UCITS,6c4b69b69137a98e47208f798a7261f55dab34cc7c0e786980ec1108a454de06,ETF,,1.0
108a16c4548408310bf49e975e040c2e1c08978e645d3d5809575e04da96ad36,,0.0,0.0,85715.05,0.0,EUR,caixabank,,,,False,GB00BDCPN049,,ACC COCA-COLA EUROPACIFIC PAR,04928a7c874adf587065b9aa66a14b67d0dd76d384dfa599611244ad0b75a03d,VI,,1.0
aa54d2eb7f15ecd673cae8f27e6b54608f10681859ab5165c93297e0c4217690,,0.0,0.0,,0.0,EUR,caixabank,,,,False,FR0010378604,,ETF LYXOR STOXX EU DIV30,6c4b69b69137a98e47208f798a7261f55dab34cc7c0e786980ec1108a454de06,ETF,,1.0
f7bc9f8b08debe762ffabb18dae20fe15371a3354220aedc2654e2e0b59afe28,,0.0,0.0,,0.0,EUR,caixabank,,,,False,FR0010251744,,ETF LYXOR ETF IBEX 35,6c4b69b69137a98e47208f798a7261f55dab34cc7c0e786980ec1108a454de06,ETF,,1.0
a925bc64e0fb4e41750a1af24d2e2b89e34323c6b4e179b30f9dba9815c99371,,0.0,0.0,,0.0,EUR,caixabank,,,,False,FR0007054358,XPAR,ETF LYXOR EURO STOXX 50 DR UCITS ETF D-EUR,6c4b69b69137a98e47208f798a7261f55dab34cc7c0e786980ec1108a454de06,ETF,,1.0
f0cb9b622d104ba579013fa2ba95a220ca2ad8127251f49a82643be1fe395c75,,315.0,232092.0,-18859.3,250951.3,EUR,caixabank,,2023-01-18,,False,FR0000121014,,ACC LVMH,6c4b69b69137a98e47208f798a7261f55dab34cc7c0e786980ec1108a454de06,VI,2023-09-20,1.0
65f2c99d73aeef402de5991c1144d160c28f2a7c061fa6e86d51fa0d6acf338c,,0.0,0.0,-294.88,0.0,EUR,caixabank,,,,False,FR0000120644,,ACC DANONE,04928a7c874adf587065b9aa66a14b67d0dd76d384dfa599611244ad0b75a03d,VI,,1.0
a486350b042a4b51629511552f700ce60282138f2a54269958159028b9241742,,0.0,0.0,,0.0,EUR,caixabank,,,,False,ES0L02006127,,Fondos Públicos ESTADO ESPAÑOL ZCP 12-06-20,04928a7c874adf587065b9aa66a14b67d0dd76d384dfa599611244ad0b75a03d,VI,,1.0
c50e493b1d21b31d126d03756a8e173085f85ca779a0c34d359ea8a2db14e474,,0.0,0.0,,0.0,EUR,caixabank,,,,False,ES0L02006127,,Fondos Públicos ESTADO ESPAÑOL ZCP 12-06-20,6c4b69b69137a98e47208f798a7261f55dab34cc7c0e786980ec1108a454de06,VI,,1.0
66a88003479140eb4fce6b54d0cad4ccdd0d26d0bd11f7e29e9fb2b308e02ea3,,800000.0,790480.0,11886.52,778593.48,EUR,caixabank,,2023-06-21,,True,ES0840609046,,"DSU CAIXABANK, S.A. 8,250% 31-",04928a7c874adf587065b9aa66a14b67d0dd76d384dfa599611244ad0b75a03d,FI,2023-09-20,1.0
dc430161f759e7c235be47ba89410424eb835db1406b4d6b482d096c98f03969,,0.0,0.0,,0.0,EUR,caixabank,,,,True,ES0840609012,,"Participaciones Pre CAIXABANK, S.A.",04928a7c874adf587065b9aa66a14b67d0dd76d384dfa599611244ad0b75a03d,FI,,1.0
94e12a68af486780a9b2e6d89f2fb7152c8c470e36e70c5ed6fee5d90a24285e,,800000.0,795335.17,10867.78,784467.39,EUR,caixabank,,2023-06-21,,True,ES0840609004,,PRF CAIXABANK,04928a7c874adf587065b9aa66a14b67d0dd76d384dfa599611244ad0b75a03d,FI,2023-09-20,1.0
74f54bd8981da57ade541b9f4ec800a697e9a39e4fc9dc9e23cc6fec4bc9abb9,,0.0,0.0,21552.5,0.0,EUR,caixabank,,,,False,ES0109427734,,ACC ATRESMEDIA CORP. MED. COM,6c4b69b69137a98e47208f798a7261f55dab34cc7c0e786980ec1108a454de06,VI,,1.0
b094711b4dbeed16b1c71313920e46128f4a4605a705b689db85712013e1c1ef,,0.0,0.0,,0.0,EUR,caixabank,,,,False,ES0109067019,,"Acciones AMADEUS IT GROUP, S.A.",04928a7c874adf587065b9aa66a14b67d0dd76d384dfa599611244ad0b75a03d,VI,,1.0
8fe85b3212bef572cadffcb2345b962e96efe33bae64a8e8e53b7359c8ee8916,,0.0,0.0,,0.0,EUR,caixabank,,,,False,ES0105456034,,Acciones HOLALUZ-CLIDOM SA,04928a7c874adf587065b9aa66a14b67d0dd76d384dfa599611244ad0b75a03d,VI,,1.0
c569956daa2f31d5611d05170f80630d6883a7604d23eebb51c7d40ded1dae17,,0.0,0.0,-3912576.26,0.0,EUR,caixabank,,,,False,ES0105456026,,ACC HOLALUZ-CLIDOM SA,04928a7c874adf587065b9aa66a14b67d0dd76d384dfa599611244ad0b75a03d,VI,,1.0
79a419621483af0f6f520ff05d09af71831edd4a958e0e1ef6d0a1be6e1bc486,,0.0,0.0,41102.5,0.0,EUR,caixabank,,,,False,ES0105046009,,"ACC AENA, S.M.E., S.A.",04928a7c874adf587065b9aa66a14b67d0dd76d384dfa599611244ad0b75a03d,VI,,1.0
ed44e3cfe5877726510f655bb69f452c95095b05ee6c0cf3e1729df232d805c3,,0.0,0.0,,0.0,EUR,caixabank,,,,False,DE0009652388,,Futuro EuroStoxx 50 17-Dec-2021,29922bfbea46857506856ba1d3d57a3c80157b9d7c520f44e6b8dd408394021c,O,,1.0
943374523930dde9715385a60a46d064fd3d6bdd43fcc74ad454e6ecb5d771da,,0.0,0.0,8825.71,0.0,EUR,caixabank,,,,False,DE0005933964,,ETF ISHARES SMI *XET*,04928a7c874adf587065b9aa66a14b67d0dd76d384dfa599611244ad0b75a03d,ETF,,1.0
95ca8414a1e708debb40bba6637ab423a612940dca3c318979f5aaae40a1af3e,,0.0,0.0,41940.97,0.0,CHF,caixabank,,,,False,DE0005933964,,ETF ISHARES SMI *ZRH*,04928a7c874adf587065b9aa66a14b67d0dd76d384dfa599611244ad0b75a03d,ETF,,1.04
a1a440f2f2ab041631091451f8f5cb24c7cdd1f3ad06501910694014a35fa1a0,,0.0,0.0,57120.0,0.0,USD,caixabank,,,,False,CA82509L1076,,ACC SHOPIFY INC.,928f2bb118757dc8b178487af2315f46c7d7328f8b6e7b4fc8b3a13f9a35e1e3,VI,,0.94
ec7a58ac91de34825dbe18181b2e9d0ad5e779e36b8fdfb616c7b272ec9d3589,,2500.0,282175.0,136825.0,145350.0,USD,caixabank,,2020-11-19,,False,BMG169621056,,ACC BUNGE LTD,6c4b69b69137a98e47208f798a7261f55dab34cc7c0e786980ec1108a454de06,VI,2023-09-20,0.94
